FID,ogc_fid,name,description,timestamp,begin,end,altitudemode,tessellate,extrude,visibility,draworder,icon,id,nombre,descripcion,direccion,url,email,contacto,horarios,precios,titularidad,tarjetajoven,accesopmr,tlfcontacto,infoesp,wkb_geometry,VEINTICUATROHORAS,fiabilidad_pct
da_desfibriladores.fid--3b3f458b_19e3a8482f8_-1f91,6220446,,,,,,,-1,0,-1,,,74515,DEA_762,TOTEM (Paseo Cerrado de Calderon),"PASEO CERRADO DE CALDERÓN, 16",,jtoscano@malaga.eu,,24 h.,,MUNICIPAL,No,No,682760873,,POINT (-4.381510355873179 36.7254254411142),Si,92
da_desfibriladores.fid--3b3f458b_19e3a8482f8_-1f90,6220447,,,,,,,-1,0,-1,,,7089,DEA_206,Panadería Salvador Cristo de la Epidemia (Entrada),"CALLE CRISTO DE LA EPIDEMIA, 94",,federico@panaderiasalvador.es,,L a D 06:30 a 21:30,,PRIVADA,No,No,952513078,,POINT (-4.415396104099962 36.73269587015319),No,82
da_desfibriladores.fid--3b3f458b_19e3a8482f8_-1f8f,6220448,,,,,,,-1,0,-1,,,12464,DEA_452,"TOTEM ( C/ Cristo de la Epidemia, 78)","CALLE CRISTO DE LA EPIDEMIA, 78",,jtoscano@malaga.eu,,24 h.,,MUNICIPAL,No,No,,,POINT (-4.415189889587724 36.731562061207484),Si,92
da_desfibriladores.fid--3b3f458b_19e3a8482f8_-1f8e,6220449,,,,,,,-1,0,-1,,,8309,DEA_250,"EMPRESA EMASA. Depósito de Olletas (Entrada de vestuarios, acceso restringido)","CAMINO COLMENAR, 46",,registro@emasa.es,,24H,,PRIVADA,No,No,697529228,,POINT (-4.4155440920073294 36.73591741009875),Si,92
da_desfibriladores.fid--3b3f458b_19e3a8482f8_-1f8d,6220450,,,,,,,-1,0,-1,,,3638,DEA_088,Parking Plaza de la Marina. Exterior Cabina,"PLAZA DE LA MARINA, 6",,jmcano@smassa.eu,,08:00-22:00,,MUNICIPAL,No,No,952218831,,POINT (-4.42018743151461 36.71758882662293),No,82
da_desfibriladores.fid--3b3f458b_19e3a8482f8_-1f8c,6220451,,,,,,,-1,0,-1,,,14284,DEA_714,BIBLIOTECA MIGUEL DE CERVANTES,"CALLE JUAN FERNÁNDEZ SÚRIA, 2",,mvillegas@malaga.eu//biblio.cervantes@malaga.eu,,"L-V de 09:00-21:00h
S- 09:00-14:00",,MUNICIPAL,No,No,951926104,,POINT (-4.438773416589805 36.721933358126975),No,82
da_desfibriladores.fid--3b3f458b_19e3a8482f8_-1f8b,6220452,,,,,,,-1,0,-1,,,10568,DEA_645,"EDUCACION CE San Estanislao de Kostka (Junto a los campos deportivos, detrás de la cocina)","AVENIDA DE JUAN SEBASTIÁN ELCANO, 185",,direccion.sanestanislao@fundacionloyola.es,,"L a J 08:00 a 17:00 V 08:00 a 15:00
",,PRIVADA,No,No,952250290,,POINT (-4.361085175725717 36.72203323879717),No,82
da_desfibriladores.fid--3b3f458b_19e3a8482f8_-1f8a,6220453,,,,,,,-1,0,-1,,,3645,DEA_091,CULTURA Castillo Gibralfaro (Recepción),"CAMINO GIBRALFARO, 11",,sescobar@malaga.eu,,"Verano: 09:00 a 20:00 horas
Invierno: 09:00 - 18:00 horas",,MUNICIPAL,No,No,951927706,,POINT (-4.4101461914163105 36.72334133475188),No,82
da_desfibriladores.fid--3b3f458b_19e3a8482f8_-1f89,6220454,,,,,,,-1,0,-1,,,80432,DEA_815,CEIP BENITO PÉREZ GALDÓS (CENTESIMAL),"CALLE JOSÉ DÍAZ-OLIVA, 3",,areainnovacion@malaga.eu,,7:00-18:00 (L-V),,PRIVADA,No,No,951293540,,POINT (-4.421213698501013 36.75391913597941),No,75
da_desfibriladores.fid--3b3f458b_19e3a8482f8_-1f88,6220455,,,,,,,-1,0,-1,,,80045,DEA_801,TOTEM ALCALDE NICOLÁS,"CALLE ALCALDE NICOLÁS MAROTO, 1",,jtoscano@malaga.eu,,,,MUNICIPAL,No,No,,,POINT (-4.418800933952689 36.749126132269126),Si,92
da_desfibriladores.fid--3b3f458b_19e3a8482f8_-1f87,6220456,,,,,,,-1,0,-1,,,11544,DEA_359,OMAC- CIUDAD JARDIN (RECEPCION),"CALLE ALCALDE NICOLÁS MAROTO, 3",,jmateo@malaga.eu,,L-V 09::00 a 14:00 h.,,MUNICIPAL,No,No,,,POINT (-4.417824289517547 36.74902520570509),No,82
da_desfibriladores.fid--3b3f458b_19e3a8482f8_-1f86,6220457,,,,,,,-1,0,-1,,,3636,DEA_086,Parking Alcazaba (Oficinas SMASSA) Recepción/Información,"PLAZA DE JESÚS ""EL RICO"", 2",,jmcano@smassa.eu,,08:00-22:00,,MUNICIPAL,No,No,952060104,,POINT (-4.416346003848506 36.72266354213479),No,82
da_desfibriladores.fid--3b3f458b_19e3a8482f8_-1f85,6220458,,,,,,,-1,0,-1,,,14286,DEA_716,PARKING ALCAZABA,"PLAZA DE JESÚS ""EL RICO"", 2",,jmcano@smassa.es,,08:00-22:00,,MUNICIPAL,No,No,952212300,,POINT (-4.416424407084675 36.722630809343045),No,82
da_desfibriladores.fid--3b3f458b_19e3a8482f8_-1f84,6220459,,,,,,,-1,0,-1,,,7092,DEA_207,Panadería Salvador Echevarría del Palo (Entrada),"AVENIDA DE JUAN SEBASTIÁN ELCANO, 164",,federico@panaderiasalvador.es,,L a D 06:30 a 21:30,,PRIVADA,No,No,951570304,,POINT (-4.363148181641069 36.72140438065625),No,82
da_desfibriladores.fid--3b3f458b_19e3a8482f8_-1f83,6220460,,,,,,,-1,0,-1,,,4082,DEA_572,EMPRESA Club Mediterráneo. Tienda.,"PASEO DE LA FAROLA, 18",,frivera@realclubmediterreaneo.com,,08:00h a 22:00h,,PRIVADA,No,No,952226300,,POINT (-4.414338977186765 36.714144895527255),No,82
da_desfibriladores.fid--3b3f458b_19e3a8482f8_-1f82,6220461,,,,,,,-1,0,-1,,,7224,DEA_220,EMPRESA EMASA (Hall),"PLAZA DEL GENERAL TORRIJOS, 2",,fdjf@emasa.es,,L a V 06:00h a 17:00h,,MUNICIPAL,No,No,636295407,,POINT (-4.411627765133789 36.72062833980781),No,82
da_desfibriladores.fid--3b3f458b_19e3a8482f8_-1f81,6220462,,,,,,,-1,0,-1,,,80464,DEA_829,HOPSITAL NOBLE (CENTESIMAL),"PLAZA DEL GENERAL TORRIJOS, 2",,areainnovacion@malaga.eu,,7.00 a 20.00,,PRIVADA,No,No,951928834,,POINT (-4.411900488593656 36.72042158658668),No,84
da_desfibriladores.fid--3b3f458b_19e3a8482f8_-1f80,6220463,,,,,,,-1,0,-1,,,11615,DEA_377,OFICINA TURISMO (Dentro de la oficina),"PLAZA DE LA MARINA, 11",,jmpajero@gmail.com,,L a D 9:00 a 18:00h,,MUNICIPAL,No,No,951928478,,POINT (-4.4205844956514415 36.71737846672966),No,82
da_desfibriladores.fid--3b3f458b_19e3a8482f8_-1f7f,6220464,,,,,,,-1,0,-1,,,8427,DEA_617,"EMPRESA VALS SPORT C. JARDIN, vitrina al lado de recepción","AVENIDA DE JACINTO BENAVENTE, 14",,CIUDADJARDIN@VALSSPORT.COM,,L- V 07:30-23:00. S-D: 09:00-15h vitrina al lado de recepción,,PRIVADA,No,No,951990338,,POINT (-4.424177270896223 36.75106877274624),No,82
da_desfibriladores.fid--3b3f458b_19e3a8482f8_-1f7e,6220465,,,,,,,-1,0,-1,,,3701,DEA_143,"BIBLIOTECA ""Damaso Alonso"" (sala de adulto)","CALLE ALCALDE NICOLÁS MAROTO, 18",,biblio.dolouso@malaga.eu,,"De lunes a viernes de  9:30 A 14:00 horas
Miércoles y jueves tardes de 16:30 a 20:30 horas",,MUNICIPAL,No,No,951928614,,POINT (-4.41740853731539 36.74914336889855),No,82
da_desfibriladores.fid--3b3f458b_19e3a8482f8_-1f7d,6220466,,,,,,,-1,0,-1,,,13044,DEA_473,"CLINICA DENTAL CROOKE Y LAGUNA,SL","PASEO DE LA FAROLA, 1",,administracion@crooke.net,,"L a J: 9:00 a 20:00 h.
V: 9:00 a 14:00 h.",,PRIVADA,No,No,952229192,,POINT (-4.412023944429277 36.71939325942422),No,82
da_desfibriladores.fid--3b3f458b_19e3a8482f8_-1f7c,6220467,,,,,,,-1,0,-1,,,6742,DEA_601,"EMPRESA Muelle Uno  (puesto permanente de Seguridad, Junto entrada Pompidou)","PASEO DE LA FAROLA, 4",,felipe.perez@muelleuno.com,,Ininterrumpido,,PRIVADA,No,No,952003942,,POINT (-4.412735986007953 36.7187127632424),Si,92
da_desfibriladores.fid--3b3f458b_19e3a8482f8_-1f7b,6220468,,,,,,,-1,0,-1,,,6743,DEA_602,EMPRESA Muelle Uno Parking de La Farola  (Garita de Control).,"PASEO DE LA FAROLA, 4",,felipe.perez@muelleuno.com,,Ininterrumpido,,PRIVADA,No,No,952003942,,POINT (-4.41287045402601 36.719153182707544),No,82
da_desfibriladores.fid--3b3f458b_19e3a8482f8_-1f7a,6220469,,,,,,,-1,0,-1,,,3753,DEA_124,Centro Innosocial Málaga ODS (Entrada a la izquierda),"CALLE MURO DE SAN JULIÁN, 33",,m.bran@anabalempleo.org,,"L a J 9:00 a 14:00 y 16:00 a 19:00 h.
V 9:00 a 14:00 h.",,MUNICIPAL,No,No,952300500,,POINT (-4.420770336118466 36.72397361940885),No,82
da_desfibriladores.fid--3b3f458b_19e3a8482f8_-1f79,6220470,,,,,,,-1,0,-1,,,3758,DEA_129,"TOTEM (Marqués de Larios, 1)","CALLE MARQUÉS DE LARIOS, 1",,jtoscano@malaga.eu,,24h,,MUNICIPAL,No,No,,,POINT (-4.421761378670503 36.72041126713),Si,92
da_desfibriladores.fid--3b3f458b_19e3a8482f8_-1f78,6220471,,,,,,,-1,0,-1,,,9804,DEA_631,EMPRESA Mutua Universal (Entrada),"CALLE MARISMA, 29",,evazquez@mutuauniversal.net,,"08:00h ---- 19h De lunes a Viernes
08:00h ---- 15h Agosto",,PRIVADA,No,No,952640244,,POINT (-4.470672968608083 36.71220853408657),No,82
da_desfibriladores.fid--3b3f458b_19e3a8482f8_-1f77,6220472,,,,,,,-1,0,-1,,,80434,DEA_817,CEIP MIRAFLORES DE LOS ÁNGELES (CENTESIMAL),"AVENIDA DE MIRAFLORES DE LOS ÁNGELES, 6",,areainnovacion@malaga.eu,,7:00-18:00 (L-V),,PRIVADA,No,No,951298642,,POINT (-4.442492692474655 36.72987649291303),No,84
da_desfibriladores.fid--3b3f458b_19e3a8482f8_-1f76,6220473,,,,,,,-1,0,-1,,,6665,DEA_196,TOTEM (Calle Armengual de la Mota nº1),"CALLE ARMENGUAL DE LA MOTA, 1",,jtoscano@malaga.eu,,24 horas,,MUNICIPAL,No,No,,,POINT (-4.429945829369116 36.717231194793996),Si,92
da_desfibriladores.fid--3b3f458b_19e3a8482f8_-1f75,6220474,,,,,,,-1,0,-1,,,10116,DEA_634,ADMÓN CIUDAD DE LA JUSTICIA DE MALAGA (Pasillo público IML clinica junto a sala GESELL),"CALLE FISCAL LUIS PORTERO GARCÍA, 6",,gerencia.cjm.jus@juntadeandalucia.es,,24H,,AUTONOMICA,No,No,951938409,,POINT (-4.461104723814603 36.71557778713985),Si,92
da_desfibriladores.fid--3b3f458b_19e3a8482f8_-1f74,6220475,,,,,,,-1,0,-1,,,10117,DEA_635,ADMÓN CIUDAD DE LA JUSTICIA DE MÁLAGA (Junto a información planta baja),"CALLE FISCAL LUIS PORTERO GARCÍA, 6",,gerencia.cjm.jus@juntadeandalucia.es,,24h,,AUTONOMICA,No,No,951938409,,POINT (-4.46107910340577 36.71547634321394),Si,92
da_desfibriladores.fid--3b3f458b_19e3a8482f8_-1f73,6220476,,,,,,,-1,0,-1,,,10118,DEA_636,ADMÓN CIUDAD DE LA JUSTICIA DE MÁLAGA (Pasillo público planta tercera zona escalera nº2),"CALLE FISCAL LUIS PORTERO GARCÍA, 6",,gerencia.cjm.jus@juntadeandalucia.es,,24h,,AUTONOMICA,No,No,951938409,,POINT (-4.461341899721835 36.715587594967296),Si,92
da_desfibriladores.fid--3b3f458b_19e3a8482f8_-1f72,6220477,,,,,,,-1,0,-1,,,10119,DEA_637,ADMÓN  CIUDAD DE LA JUSTICIA DE MÁLAGA (Pasillo sala de vistas público planta baja),"CALLE FISCAL LUIS PORTERO GARCÍA, 6",,gerencia.cjm.jus@juntadeandalucia.es,,24h,,AUTONOMICA,No,No,951938409,,POINT (-4.461023096079242 36.715438871351886),Si,92
da_desfibriladores.fid--3b3f458b_19e3a8482f8_-1f71,6220478,,,,,,,-1,0,-1,,,10120,DEA_638,ADMÓN CIUDAD DE LA JUSTICIA (Pasillo público sala de vistas PLANTA SS),"CALLE FISCAL LUIS PORTERO GARCÍA, 6",,gerencia.cjm.jus@juntadeandalucia.es,,24H,,AUTONOMICA,No,No,951938409,,POINT (-4.46128196916647 36.71576004821183),Si,92
da_desfibriladores.fid--3b3f458b_19e3a8482f8_-1f70,6220479,,,,,,,-1,0,-1,,,3625,DEA_075,Centro Servicios Sociales Teatinos (entrada),"CALLE JUAN DE ROBLES, 38",,llozano@malaga.eu,,L a V : 08:00 - 15:00 h,,MUNICIPAL,No,No,951926171,,POINT (-4.467446342587059 36.720910894819305),No,82
da_desfibriladores.fid--3b3f458b_19e3a8482f8_-1f6f,6220480,,,,,,,-1,0,-1,,,8310,DEA_248,"EMPRESA EMASA Atabal (zona baja central, armario enfrente vigilante)","CALLE JULIO VERNE, 2",,registro@emasa.es,,24h,,PRIVADA,No,No,683770083,,POINT (-4.466872157685949 36.730349381928576),Si,92
da_desfibriladores.fid--3b3f458b_19e3a8482f8_-1f6e,6220481,,,,,,,-1,0,-1,,,78291,DEA_769,EMPRESA CDAD PROP EDIF EL ZEJEL,"CALLE ORSON WELLES, 26",,,,,,PRIVADA,No,No,,,POINT (-4.462671876511461 36.722317136208446),Si,92
da_desfibriladores.fid--3b3f458b_19e3a8482f8_-1f6d,6220482,,,,,,,-1,0,-1,,,74085,DEA_751,EDUCACION CEIP LUIS DE GÓNGORA,"CALLE GÓNGORA, 11",,jesus.cano.vallejo.edu@juntadeandalucia.es,,9:00-14:00 (L-V),,PRIVADA,No,No,951298530,,POINT (-4.4299737503366785 36.709154461521614),No,82
da_desfibriladores.fid--3b3f458b_19e3a8482f8_-1f6c,6220483,,,,,,,-1,0,-1,,,80458,DEA_826,CEIIP LUIS DE GONGÓRA (CENTESIMAL),"CALLE GÓNGORA, 11",,areainnovacion@malaga.eu,,7.00 A 18.00 L-V,,PRIVADA,No,No,951298530,,POINT (-4.4299737503366785 36.709154461521614),No,84
da_desfibriladores.fid--3b3f458b_19e3a8482f8_-1f6b,6220484,,,,,,,-1,0,-1,,,8457,DEA_256,"CULTURA Skate Park ""Rubén Alcántara"" (Recepción)","CALLE LA ARGENTINITA, 12",,igcamarero@malaga.eu,,"Inv. L a J: 16:00 a 22:30 V 16:00 a 23:00 S 11:00 a 23:00 D 11:00 a 22:30
Ver.L a D 18:00 a 00:00",,PRIVADA,No,No,9852307591,,POINT (-4.446878768319878 36.72625443263041),No,82
da_desfibriladores.fid--3b3f458b_19e3a8482f8_-1f6a,6220485,,,,,,,-1,0,-1,,,3751,DEA_122,CULTURA Teatro Echegaray (vestibulo),"CALLE ECHEGARAY, 6",,jmpineda@malagaprocultura.com,,L a D de 16:00 a 22:00H,,MUNICIPAL,No,No,952224109,,POINT (-4.419166321453964 36.72134831082221),No,82
da_desfibriladores.fid--3b3f458b_19e3a8482f8_-1f69,6220486,,,,,,,-1,0,-1,,,3767,DEA_153,Policía Local Bailén Miraflores. (Entrada a la derecha),"CALLE GASPAR NÚÑEZ DE ARCE, 2",,policialocalnorte@malaga.eu - famartin@malaga.eu,,Atención al ciudadano las 24 horas.,,MUNICIPAL,No,No,,,POINT (-4.4475771672474265 36.734150879777985),Si,92
da_desfibriladores.fid--3b3f458b_19e3a8482f8_-1f68,6220487,,,,,,,-1,0,-1,,,13051,DEA_480,EDUCACION IES CAMPANILLAS(Entrada principal),"CALLE FAUSTO, 45",,29700011.edu@juntadeandalucia.es,,L a V 7:45 a 15:00h.,Entrada principal del centro educativo,PRIVADA,No,No,951298460,,POINT (-4.550947138157327 36.726771604314735),No,82
da_desfibriladores.fid--3b3f458b_19e3a8482f8_-1f67,6220488,,,,,,,-1,0,-1,,,7866,DEA_243,"TOTEM (Plaza de la Marina,5)","PLAZA DE LA MARINA, 5",,jtoscano@malaga.eu,,24h,,MUNICIPAL,No,No,,,POINT (-4.4198536594244775 36.71733841213436),Si,92
da_desfibriladores.fid--3b3f458b_19e3a8482f8_-1f66,6220489,,,,,,,-1,0,-1,,,12064,DEA_396,EDUCACION IES Ciudad de Melilla (frenta a la sala de profesores),"CALLE MANUEL ASSIEGO CODES, 52",,iescmma@gmail.com,,Lunes a Viernes de 8:30 a 15:00 h,"Frente a la sala de profesores, entrada del centro educativo",PRIVADA,No,No,,,POINT (-4.442402929982045 36.697804247450144),No,82
da_desfibriladores.fid--3b3f458b_19e3a8482f8_-1f65,6220490,,,,,,,-1,0,-1,,,3666,DEA_137,Policia Local Carretera Cadiz. (Recepción a la izquierda),"CALLE MANUEL VARGAS, 9",,famartin@malaga.eu,,Atención al ciudadano las 24 horas.,,MUNICIPAL,No,No,,,POINT (-4.44799733390608 36.70105697630162),Si,92
da_desfibriladores.fid--3b3f458b_19e3a8482f8_-1f64,6220491,,,,,,,-1,0,-1,,,6682,DEA_595,EMPRESA El Corte Inglés Scala 2000(Junto a Agencia de Viajes),"CALLE DON CRISTIÁN, 7",,,,L a S y Festivo de Apertura 10:00 a 22:00,,PRIVADA,No,No,952286403,,POINT (-4.4289766853188635 36.71852166960968),No,82
da_desfibriladores.fid--3b3f458b_19e3a8482f8_-1f63,6220492,,,,,,,-1,0,-1,,,3759,DEA_130,"TOTEM (C/ Marqués de Larios,18)","CALLE MARQUÉS DE LARIOS, 18",,jtoscano@malaga.eu,,24 h,,MUNICIPAL,No,No,,,POINT (-4.421547610160895 36.718326675870095),Si,92
da_desfibriladores.fid--3b3f458b_19e3a8482f8_-1f62,6220493,,,,,,,-1,0,-1,,,9053,DEA_626,CP COLEGIO DE ABOGADOS DE MÁLAGA (a la derecha de entrada principal del edificio),"PASEO DE LA FAROLA, 13",,registro@icamalaga.es,,"L-J 8:00 A 18.00H 
V 8.00 A 15.00H",,PRIVADA,No,No,951017900,,POINT (-4.413091916597897 36.71624978429362),No,82
da_desfibriladores.fid--3b3f458b_19e3a8482f8_-1f61,6220494,,,,,,,-1,0,-1,,,14125,DEA_693,METRO. Estación Guadalmedina,"CALLE ARMENGUAL DE LA MOTA, 2",,j.ocana@metromalaga.es,,Lunes a Jueves 06:30-23:15. Viernes 06:30-01:45. Sábado 07:00-01:45. Domingo y festivo 07:00-23:15 h.,,PRIVADA,No,No,952061641,,POINT (-4.429083355791429 36.71732504939456),No,82
da_desfibriladores.fid--3b3f458b_19e3a8482f8_-1f60,6220495,,,,,,,-1,0,-1,,,3921,DEA_580,EDUCACIÓN CE Diocesana Virgen del Carmen (Hall entrada junto conserjería),"CALLE LAS NAVAS, 13",,relacionesexternas@fundacionvictoria.edu.es,,"L a J de 7:30 a 17:00h 
V 7:30 a 16:30
( periodo escolar)",,PRIVADA,No,No,952311243,,POINT (-4.436229668049449 36.70230739678059),No,82
da_desfibriladores.fid--3b3f458b_19e3a8482f8_-1f5f,6220496,,,,,,,-1,0,-1,,,4243,DEA_537,CENTRO DE SALUD La Luz (consulta 6),"AVENIDA DE BONAIRE, 9",,direccion.d.malaga.sspa@juntadeandalucia.es,,L a V de 8 a 20 h,,AUTONOMICA,No,No,951308406,,POINT (-4.455960999567661 36.69523104040763),No,82
da_desfibriladores.fid--3b3f458b_19e3a8482f8_-1f5e,6220497,,,,,,,-1,0,-1,,,13744,DEA_514,BIBLIOTECA JORGE GUILLEN (CONVENTO DE SAN ANDRES),"CALLE ESLAVA, 8",,egalan@malaga.eu,,"L a V 9:30 a 14:00.
L y X 16:30 a 20:30 h.",,MUNICIPAL,No,No,951929273,,POINT (-4.429811084728581 36.713098310876966),No,82
da_desfibriladores.fid--3b3f458b_19e3a8482f8_-1f5d,6220498,,,,,,,-1,0,-1,,,10366,DEA_272,Estación de Autobuses Málaga,"CALLE EGUILUZ, 4",,mantenimiento@cordis-group.com,,L a D de 07:00 a 21:30 h.,,PRIVADA,No,No,621689392,,POINT (-4.434644343330088 36.71303096962047),No,82
da_desfibriladores.fid--3b3f458b_19e3a8482f8_-1f5c,6220499,,,,,,,-1,0,-1,,,8884,DEA_622,CP Colegio de Médicos (Pasillo cafetería),"CALLE CURTIDORES, 1",,presidencia@commalaga.com,,L a V 8:00 a 20:00,,PRIVADA,No,No,951019400,,POINT (-4.4519436813875775 36.7045481037009),No,82
da_desfibriladores.fid--3b3f458b_19e3a8482f8_-1f5b,6220500,,,,,,,-1,0,-1,,,8885,DEA_623,CP Colegio de Médicos de la provincia de Málaga (Hall Planta Arriba),"CALLE CURTIDORES, 1",,presidencia@commalaga.com,,L a V  8:00 a 20:00,,PRIVADA,No,No,951019400,,POINT (-4.4517850897237246 36.70430518114087),No,82
da_desfibriladores.fid--3b3f458b_19e3a8482f8_-1f5a,6220501,,,,,,,-1,0,-1,,,3183,DEA_010,"BIBLIOTECA ""Manuel Altolaguirre"" Los Tilos (Planta baja junto mostrador inf.)","CALLE CALATRAVA, 6",,mrcarmona@malaga.eu,,"L-V  09:00-21:00h
S 09:00 a 14:00",,MUNICIPAL,No,No,951926176,,POINT (-4.437754397025615 36.71353990489106),No,82
da_desfibriladores.fid--3b3f458b_19e3a8482f8_-1f59,6220502,,,,,,,-1,0,-1,,,74520,DEA_767,"TOTEM (Alonso de Mudarra, 40)","CALLE DE ALONSO DE MUDARRA, 40",,jtoscano@malaga.eu,,24 h.,,MUNICIPAL,No,No,682760873,,POINT (-4.512443897451353 36.673102120328686),Si,92
da_desfibriladores.fid--3b3f458b_19e3a8482f8_-1f58,6220503,,,,,,,-1,0,-1,,,12484,DEA_453,"TOTEM ( Jose Calderón,40)","CALLE JOSÉ CALDERÓN, 40",,jtoscano@malaga.eu,,24 h.,,MUNICIPAL,No,No,,,POINT (-4.537872875371362 36.723253986463945),Si,92
da_desfibriladores.fid--3b3f458b_19e3a8482f8_-1f57,6220504,,,,,,,-1,0,-1,,,7284,DEA_234,C. Deportivo Campo de futbol Santa Rosalía Maqueda (Cuarto de Árbitros),"CALLE ABEL, 2",,u.d.santarosaliamaqueda@hotmail.com,,"L a V 16:30 a 21:00 h.
S y D 10:00 a 22:00 h.",,MUNICIPAL,No,No,626519436,,POINT (-4.5713740175157795 36.728760704944754),No,82
da_desfibriladores.fid--3b3f458b_19e3a8482f8_-1f56,6220505,,,,,,,-1,0,-1,,,9093,DEA_627,EMPRESA Banco Unicaja ACERA DE LA MARINA (Vestíbulo entrada junto a puesto de control),"PLAZA DE LA MARINA, 3",,mhorcaja@unicaja.es,,L- V  8:00 a 15:00 h,,PRIVADA,No,No,952138500,,POINT (-4.420565165029014 36.71854852878263),No,82
da_desfibriladores.fid--3b3f458b_19e3a8482f8_-1f55,6220506,,,,,,,-1,0,-1,,,3654,DEA_136,Centro de Formación Municipal,"CALLE PALESTINA, 7",,cromero@malaga.eu,,"L a V de  7:00 h a 15:00 h.
",,MUNICIPAL,No,No,951929028,,POINT (-4.440304696445672 36.71776750856779),No,82
da_desfibriladores.fid--3b3f458b_19e3a8482f8_-1f54,6220507,,,,,,,-1,0,-1,,,4041,DEA_569,EMPRESA Gimnasio Vals Sport Teatinos (Recepción),"CALLE MESONERO ROMANOS, 11",,JAVIERPAJUELO@VALSSPORT.COM,,"L a V 08:00 A 22:30 HRS
S, D Y FESTIVOS DE 09:00 A 15:00 HRS.
VERANO  DOMINGO DE 9 A 14 HRS",,PRIVADA,No,No,952003303,,POINT (-4.460217634261114 36.72141848488031),No,82
da_desfibriladores.fid--3b3f458b_19e3a8482f8_-1f53,6220508,,,,,,,-1,0,-1,,,80034,DEA_795,IES CIUDAD JARDIN (secretaría),"CALLE JEREZ PERCHET, 36",,29700795.edu@juntadeandalucia.es,,Días lectivos de 8.15 a 14.45,,PRIVADA,No,No,,,POINT (-4.417431858876346 36.74666251292533),No,82
da_desfibriladores.fid--3b3f458b_19e3a8482f8_-1f52,6220574,,,,,,,-1,0,-1,,,80436,DEA_819,CEIP CLARA CAMPOAMOR (CENTESIMAL),"AVENIDA IMPERIO ARGENTINA, 2",,areainnovacion@malaga.eu,,7:00-18:00 (L-V),,PRIVADA,No,No,951293601,,POINT (-4.4576944846155255 36.68366677506305),No,84
da_desfibriladores.fid--3b3f458b_19e3a8482f8_-1f51,6220509,,,,,,,-1,0,-1,,,3723,DEA_142,"OMAC  Teatinos (entrada, junto conserjería)","CALLE DIEGO LÓPEZ DE ZÚÑIGA, 12",,cmoreno@malaga.eu,,"L-V DE 8:00 - 15:00 H
",,MUNICIPAL,No,No,951926151,,POINT (-4.46850516446207 36.72290585410336),No,82
da_desfibriladores.fid--3b3f458b_19e3a8482f8_-1f50,6220510,,,,,,,-1,0,-1,,,7164,DEA_216,Residencial Puerto de la Luz (Recepción frente puerta de entrada),"CALLE LAGARILLO, 25",,,,24 h,,PRIVADA,No,No,952107090,,POINT (-4.493271478980181 36.75815597648364),No,82
da_desfibriladores.fid--3b3f458b_19e3a8482f8_-1f4f,6220511,,,,,,,-1,0,-1,,,12367,DEA_432,TOTEM (Avda. Jane Bowles),"AVENIDA DE JANE BOWLES, 16",,jtoscano@malaga.eu,,24 h.,,MUNICIPAL,No,No,,,POINT (-4.426183863975336 36.746545068651784),Si,92
da_desfibriladores.fid--3b3f458b_19e3a8482f8_-1f4e,6220512,,,,,,,-1,0,-1,,,79882,DEA_794,CLUB DE PETANCA CHURRIANA,"CALLE RIGOBERTA MENCHÚ, 1",,cpchurriana@gmail.com,,L-V 16.00H A 21.00H,,MUNICIPAL,No,No,,,POINT (-4.498674383824697 36.66556370431769),No,82
da_desfibriladores.fid--3b3f458b_19e3a8482f8_-1f4d,6220513,,,,,,,-1,0,-1,,,13687,DEA_341,Centro Ciudadano Los Prados (Entrada),"CALLE DRIZA, 2",,jubiladopensionistajuansanchez@gmail.com,,L-V 10-14H Y 17-21H,,MUNICIPAL,No,No,,,POINT (-4.475721551288458 36.698727349004585),No,82
da_desfibriladores.fid--3b3f458b_19e3a8482f8_-1f4c,6220514,,,,,,,-1,0,-1,,,3964,DEA_544,CULTURA La Térmica (Conserjería),"AVENIDA DE LOS GUINDOS, 48",,fjmanzano@malaga.es,,08:00h a 22:00h de L a D,,Provincial,No,No,952069100,,POINT (-4.445148338152484 36.690049145524114),No,82
da_desfibriladores.fid--3b3f458b_19e3a8482f8_-1f4b,6220515,,,,,,,-1,0,-1,,,6762,DEA_604,EMPRESA DEKRA Edificio Piramide. (Entrada),"CALLE SEVERO OCHOA, 6",,,,07:00-19:00,,PRIVADA,No,No,952619100,,POINT (-4.554502666007153 36.735228346355996),No,82
da_desfibriladores.fid--3b3f458b_19e3a8482f8_-1f4a,6220516,,,,,,,-1,0,-1,,,4283,DEA_589,EMPRESA Inovalis Málaga Propco Spain S.L. (garita),"CALLE SEVERO OCHOA, 16",,faguilar@hmas.es / aherrero@hmas.es,,L a D 24 h,,PRIVADA,No,No,952020061,,POINT (-4.556617420083575 36.735342070131686),No,82
da_desfibriladores.fid--3b3f458b_19e3a8482f8_-1f49,6220517,,,,,,,-1,0,-1,,,4286,DEA_591,EMPRESA Indra Corporate Services S.L. (recepción),"CALLE SEVERO OCHOA, 23",,igestrecha@minsait.com,,L a V  de 8:00 a 19:00h,,PRIVADA,No,No,951089312,,POINT (-4.557368823477542 36.73535612683191),No,82
da_desfibriladores.fid--3b3f458b_19e3a8482f8_-1f48,6220518,,,,,,,-1,0,-1,,,6763,DEA_605,EMPRESA DEKRA Edificio HQ (Entrada),"CALLE SEVERO OCHOA, 2",,,,07:00-19:00,,PRIVADA,No,No,952619100,,POINT (-4.553989420656786 36.73615084839711),No,82
da_desfibriladores.fid--3b3f458b_19e3a8482f8_-1f47,6220519,,,,,,,-1,0,-1,,,7127,DEA_687,"UMA INSTITUTOS UNIVERSITARIOS. En el hall de la entrada, a mano derecha.","CALLE SEVERO OCHOA, 4",,,,"Días lectivos de 08:00h a 21:00h
Del 10 de julio, de 08:00 a 15:00 horas. Todos los centros y edificios de la UMA permanecerán cerrados en Navidad, Semana Santa y, las 3 primeras semanas de agosto.",,UMA,No,No,951952983,,POINT (-4.554219437391544 36.73561224934116),No,82
da_desfibriladores.fid--3b3f458b_19e3a8482f8_-1f46,6220520,,,,,,,-1,0,-1,,,14024,DEA_649,"TDK ELECTRONICS COMPONENTS, S.A.U. (PLANTA -2 – AREA PRODUCCION – SECCION MEDICION
AUTOMÁTICA )","CALLE SEVERO OCHOA, 66",,andres.fernandez@tdk.com,,24H,,PRIVADA,No,No,952648307,,POINT (-4.560238357008207 36.744923926223656),Si,92
da_desfibriladores.fid--3b3f458b_19e3a8482f8_-1f45,6220521,,,,,,,-1,0,-1,,,14025,DEA_650,"TDK ELECTRONICS COMPONENTS, S.A.U (PLANTA -1 – ENTRADA LABORATORIO I+D )","CALLE SEVERO OCHOA, 66",,andres.fernandez@tdk.com,,24H,,PRIVADA,No,No,952648307,,POINT (-4.560245369703945 36.74494503358428),Si,92
da_desfibriladores.fid--3b3f458b_19e3a8482f8_-1f44,6220522,,,,,,,-1,0,-1,,,6701,DEA_598,EMPRESA CARDIVAIS S.A.,"CALLE SEVERO OCHOA, 64",,cardiva@cardivais.com,,L a V 7:00 - 23:00 H.,,PRIVADA,No,No,952334350,,POINT (-4.558542212454757 36.743636595300345),No,82
da_desfibriladores.fid--3b3f458b_19e3a8482f8_-1f43,6220523,,,,,,,-1,0,-1,,,6702,DEA_599,EMPRESA CARDIVAIS S.A,"CALLE SEVERO OCHOA, 64",,cardiva@cardivais.com,,L a V 7:00 a 15:00 h.,,PRIVADA,No,No,952334350,,POINT (-4.558079434037411 36.74380801125253),No,82
da_desfibriladores.fid--3b3f458b_19e3a8482f8_-1f42,6220524,,,,,,,-1,0,-1,,,7925,DEA_613,EMPRESA Pública de Emergencia Sanitaria (Junto recepción),"CALLE SEVERO OCHOA, 28",,recepcion.epes@juntadeandalucia.es,,8 a 15 horas,,PRIVADA,No,No,951042200,,POINT (-4.557237346984048 36.73929796796949),No,82
da_desfibriladores.fid--3b3f458b_19e3a8482f8_-1f41,6220525,,,,,,,-1,0,-1,,,7039,DEA_679,UMA Edif. Bioinnovación (Entre secretaría y el comedor),"CALLE SEVERO OCHOA, 34",,,,08:00 a 21:00 Horario Lectivo,,OTRAS,No,No,951952983,,POINT (-4.555334533058246 36.738358977963735),No,82
da_desfibriladores.fid--3b3f458b_19e3a8482f8_-1f40,6220526,,,,,,,-1,0,-1,,,3748,DEA_119,Promalaga(PTA) (en la entrada),"CALLE SEVERO OCHOA, 27",,manuelramos@promalaga.es,,L  a V 9:00 a 14:00h,,PRIVADA,No,No,951014666,,POINT (-4.556902955971266 36.7359780819917),No,82
da_desfibriladores.fid--3b3f458b_19e3a8482f8_-1f3f,6220527,,,,,,,-1,0,-1,,,6781,DEA_606,"EMPRESA OPPLUS OPERACIONES Y SERVICIOS, S.A (Frente ascensor 4ª Planta Torre Norte)","CALLE SEVERO OCHOA, 51",,angel.navarro@opplus.bbva.com,,L A V 07:00 A 18:00,,PRIVADA,No,No,952579077,,POINT (-4.554906766719296 36.7388314520196),No,82
da_desfibriladores.fid--3b3f458b_19e3a8482f8_-1f3e,6220528,,,,,,,-1,0,-1,,,6782,DEA_607,"EMPRESA OPPLUS, OPERACIONES Y SERVICIO, S.A (Frente ascensor 1ª PLanta. Torre sur)","CALLE SEVERO OCHOA, 51",,angel.navarro@opplus.bbva.com,,L A V  07:00 A 18:00,,PRIVADA,No,No,952579213,,POINT (-4.555378175499537 36.739480350031414),No,82
da_desfibriladores.fid--3b3f458b_19e3a8482f8_-1f3d,6220529,,,,,,,-1,0,-1,,,80137,DEA_811,CENTRO DE EMPRESAS IS5 (CENTESIMAL),"CALLE SEVERO OCHOA, 61",,areainnovacion@malaga.eu,,8:00-15:00h,,PRIVADA,No,No,,,POINT (-4.553097110688516 36.74037910875154),No,73
da_desfibriladores.fid--3b3f458b_19e3a8482f8_-1f3c,6220530,,,,,,,-1,0,-1,,,3725,DEA_147,OMAC  Campanillas (recepción 1ª Planta),"CALLE RAMÍREZ ARCAS, 2",,ppalacios@malaga.eu,,L-V  8:00-15:00h,,MUNICIPAL,No,No,951926049,,POINT (-4.54519396029254 36.72796554963906),No,82
da_desfibriladores.fid--3b3f458b_19e3a8482f8_-1f3b,6220531,,,,,,,-1,0,-1,,,14267,DEA_709,BIBLIOTECA JORGE LUIS BORGES,"CALLE RAMÍREZ ARCAS, 2",,rdelgado@malaga.eu//biblio.jlborjer@malaga.eu,,"L-V de 9:30 a 14:30 
L y X 16:30 a 20:30 h.
VER: L-V 9:00 14:00 h.",,MUNICIPAL,No,No,951926109,,POINT (-4.544865332316381 36.727731323209504),No,82
da_desfibriladores.fid--3b3f458b_19e3a8482f8_-1f3a,6220532,,,,,,,-1,0,-1,,,13984,DEA_521,"BIDA FARMA S. COOP. ANDALUZA (Edif. Oficinas, primera Planta, Puerta Izq.)","CALLE PROKÓFIEV, 2",,ignacio.lagier@bidafarma.es,,L-V 08:00 a 22:00,,PRIVADA,No,No,952248900,,POINT (-4.515516734055671 36.71320174168422),No,82
da_desfibriladores.fid--3b3f458b_19e3a8482f8_-1f39,6220533,,,,,,,-1,0,-1,,,13985,DEA_522,BIDA FARMA S. COOP. ANDALUZA (Almacén),"CALLE PROKÓFIEV, 2",,ignacio.lagier@bidafarma.es,,La V 08:00 a 22:00,,PRIVADA,No,No,952248900,,POINT (-4.515542695647896 36.71301538553363),No,82
da_desfibriladores.fid--3b3f458b_19e3a8482f8_-1f38,6220534,,,,,,,-1,0,-1,,,80079,DEA_804,CEIP FUENTE ALEGRE (CENTESIMAL),"CALLE FUENTE ALEGRE, 7",,areainnovacion@malaga.eu,,7:30-18:00h (periodo lectivo),,PRIVADA,No,No,951298650,,POINT (-4.4831486504051705 36.74500787391536),No,21
da_desfibriladores.fid--3b3f458b_19e3a8482f8_-1f37,6220535,,,,,,,-1,0,-1,,,12864,DEA_371,CENTRO CIUDADANO PARQUE ARTESANAL( Salón a la derecha),"AVENIDA DE MANUEL RODRÍGUEZ, 7",,mari_kamen@msn.com,,L a J 17:00 a 20:00 h.,,MUNICIPAL,No,No,666413400,,POINT (-4.479019688020175 36.73427509067521),No,82
da_desfibriladores.fid--3b3f458b_19e3a8482f8_-1f36,6220536,,,,,,,-1,0,-1,,,7166,DEA_218,Centro Ciudadano Felix Ariza Gutierrez (Hall a la izquierda),"CALLE LA SONATA, 2",,fanuca395@gmail.com,,L a V 9:00 a 13:30 y 17:30 a 21:00 h.,,MUNICIPAL,No,No,684158165,,POINT (-4.469685768426609 36.72124001176762),No,82
da_desfibriladores.fid--3b3f458b_19e3a8482f8_-1f35,6220537,,,,,,,-1,0,-1,,,3628,DEA_078,Centro Servicios Sociales HUELIN (Entrando a la izquierda),"CALLE EMILIO DE LA CERDA, 24",,css12@malaga.eu//irrueda@malaga.eu,,L a V 8:00 a 15:00h.,,MUNICIPAL,No,No,951926185,,POINT (-4.437794723052137 36.70248015223908),No,82
da_desfibriladores.fid--3b3f458b_19e3a8482f8_-1f34,6220538,,,,,,,-1,0,-1,,,3204,DEA_050,ASAEC (Asociación Solidaridad Asistencial En Compañía),"CALLE VIRGEN DE LA SERVITA, 36",,asaecmalaga@hotmail.com,,L a V 8:00 a 15:00 h.,,MUNICIPAL,No,No,600727577,,POINT (-4.4445691376625325 36.716579444307364),No,82
da_desfibriladores.fid--3b3f458b_19e3a8482f8_-1f33,6220539,,,,,,,-1,0,-1,,,7228,DEA_224,Centro Ciudadano Victoria Kent (Recepción),"CALLE SIERRA DE ALMADÉN, 11",,aortega@malaga.eu,,L a V 8:00 a 14:00 y 16:00 a 20:00 h.,,MUNICIPAL,No,No,649972326,,POINT (-4.450747830608526 36.727020256666506),No,82
da_desfibriladores.fid--3b3f458b_19e3a8482f8_-1f32,6220540,,,,,,,-1,0,-1,,,11616,DEA_335,PARKING TEJON Y RODRIGUEZ (dentro de la garita),"CALLE TEJÓN Y RODRÍGUEZ, 9",,jmcano@smassa.eu,,08:00-22:00,,MUNICIPAL,No,No,952224961,,POINT (-4.42148251280186 36.72348766025355),No,82
da_desfibriladores.fid--3b3f458b_19e3a8482f8_-1f31,6220541,,,,,,,-1,0,-1,,,14224,DEA_699,PARKING SALITRE,"CALLE SALITRE, 8",,jmcano@smassa.es,,08:00-22:00,,MUNICIPAL,No,No,951365280,,POINT (-4.426796917727771 36.71430571152552),No,82
da_desfibriladores.fid--3b3f458b_19e3a8482f8_-1f30,6220542,,,,,,,-1,0,-1,,,14268,DEA_710,BIBLIOTECA SERAFIN ESTEBANEZ CALDERON,"CALLE RONDA DEL NORTE, 11",,frluque@malaga.eu//biblio.secalderon@malaga.eu,,"L-V de 09:30 a 14:00 h. 
M y J 16:30 a 20:30 h.
",,MUNICIPAL,No,No,951926186,,POINT (-4.567439295378379 36.73247444912467),No,82
da_desfibriladores.fid--3b3f458b_19e3a8482f8_-1f2f,6220543,,,,,,,-1,0,-1,,,12404,DEA_436,EDUCACION Colegio Fundación Sagrada Familia,"AVENIDA DE SANTIAGO RAMÓN Y CAJAL, 41",,csfamilia@fundacionunicaja.com,,LUNES A VIERNES DE 7:30 A 15:00 H - DÍAS NO LECTIVOS DE 9:00 A 14:00H,,AUTONOMICA,No,No,,,POINT (-4.423288217952495 36.74332143052306),No,82
da_desfibriladores.fid--3b3f458b_19e3a8482f8_-1f2e,6220544,,,,,,,-1,0,-1,,,3724,DEA_145,OMAC - El Palo (Izq entrada),"CALLE REAL, 18",,rmfuentes@malaga.eu,,"L a V de 8:00 - 15:00 h
",,MUNICIPAL,No,No,951927774,,POINT (-4.358988747029693 36.721293830747044),No,82
da_desfibriladores.fid--3b3f458b_19e3a8482f8_-1f2d,6220545,,,,,,,-1,0,-1,,,14365,DEA_720,Centro Servicios Sociales El Palo,"CALLE DÁNVILA Y COLLADO, 4",,css2@malaga.eu//cmingorance@malaga.eu,,L a V 09:00 a 14:00 h.,,MUNICIPAL,No,No,951927628,,POINT (-4.3582805662373305 36.71953441004654),No,82
da_desfibriladores.fid--3b3f458b_19e3a8482f8_-1f2c,6220546,,,,,,,-1,0,-1,,,13048,DEA_477,EDUCACION CE IES SIERRA BERMEJA (Consejería),"AVENIDA DE SANTIAGO RAMÓN Y CAJAL, 113",,29005965.edu@juntadeandalucia.es,,L-V (8:00-14:30/ 15:30-21:30) AGOSTO CERRADO,,PRIVADA,No,No,951297990,,POINT (-4.423073027626629 36.747433612336515),No,82
da_desfibriladores.fid--3b3f458b_19e3a8482f8_-1f2b,6220547,,,,,,,-1,0,-1,,,12326,DEA_431,"TOTEM (Avda. Santiago Ramón y Cajal,69)","AVENIDA DE SANTIAGO RAMÓN Y CAJAL, 69",,jtoscano@malaga.eu,,24 h.,,MUNICIPAL,No,No,,,POINT (-4.423050656087154 36.74491630918791),Si,92
da_desfibriladores.fid--3b3f458b_19e3a8482f8_-1f2a,6220548,,,,,,,-1,0,-1,,,3221,DEA_062,ÁREA ESPAM (Recepción a la izquierda),"AVENIDA DE SANTIAGO RAMÓN Y CAJAL, 105",,jgonzalezvergara@malaga.eu,,24H.,,MUNICIPAL,No,No,,,POINT (-4.422803868582261 36.746599274176575),No,82
da_desfibriladores.fid--3b3f458b_19e3a8482f8_-1f29,6220549,,,,,,,-1,0,-1,,,10219,DEA_639,EDUCACION CE IES Politécnico Jesús Marín (Sala de profesores),"CALLE DEL POLITÉCNICO, 1",,29005989.edu@juntadeandalucia.es,,Lunes a Viernes de 8 a 22,,AUTONOMICA,No,No,671533834,,POINT (-4.446934303936873 36.71831019900523),No,82
da_desfibriladores.fid--3b3f458b_19e3a8482f8_-1f28,6220550,,,,,,,-1,0,-1,,,14288,DEA_718,BIBLIOTECA MUNICIPAL SALVADOR RUEDA,"AVENIDA DE SANTIAGO RAMÓN Y CAJAL, 24",,ampascual@malaga.eu//biblio.srueda@malaga.eu,,"INV: L a V 9:30 a 14:00 
L y M 16:30 a 20:30 h.",,MUNICIPAL,No,No,951926106,,POINT (-4.423531807882328 36.73876154002758),No,82
da_desfibriladores.fid--3b3f458b_19e3a8482f8_-1f27,6220551,,,,,,,-1,0,-1,,,3212,DEA_011,"BIBLIOTECA ""Narciso Diaz de Escovar"" El Torcal (Entrando a la Izquierda)","CALLE NIÑO DE GLORIA, 2",,biblio.ndiazescovar@malaga.eu,,"L a V 9:30 a 14:00 
M y J 16:30 a 20:30",,MUNICIPAL,No,No,,,POINT (-4.44885512316078 36.70048304109433),No,82
da_desfibriladores.fid--3b3f458b_19e3a8482f8_-1f26,6220552,,,,,,,-1,0,-1,,,6985,DEA_205,LUIS PORTERO ABOGADOS (Recepción 2ºB,"PASILLO DE SANTA ISABEL, 15",,LUIS@LUISPORTERO.COM,,"L a J  9:00 H A 21:00 H, V9:00 H A 16:00 H",,PRIVADA,No,No,952919275,,POINT (-4.425118540440356 36.71959704260461),No,82
da_desfibriladores.fid--3b3f458b_19e3a8482f8_-1f25,6220553,,,,,,,-1,0,-1,,,4124,DEA_189,C. Deportivo Polideportivo José Paterna ( recepción),"CALLE PRACTICANTE FERNÁNDEZ ALCOLEA, 66",,areadeporte@malaga.eu,,"L a V : 08:00-14:00h / 17:00-23:00h, S 09:00-14:00/17:00-22:00h.
D: 08:00 a 14:00h.",,PRIVADA,No,No,951929201,,POINT (-4.354899220589482 36.719096820905776),No,82
da_desfibriladores.fid--3b3f458b_19e3a8482f8_-1f24,6220554,,,,,,,-1,0,-1,,,79815,DEA_792,POLIDEPORTIVOJOSÉ PATERNA,"CALLE PRACTICANTE FERNÁNDEZ ALCOLEA, 66",,areadeporte@malaga.eu,,L-V 8.00 A 14.00H Y 17.00 A 23.00//SyD 9.00 A 14.00,,MUNICIPAL,No,No,,,POINT (-4.356106128061478 36.71945073701398),No,82
da_desfibriladores.fid--3b3f458b_19e3a8482f8_-1f23,6220555,,,,,,,-1,0,-1,,,3752,DEA_123,CULTURA Teatro Cervantes. Entrada principal,"CALLE RAMOS MARÍN, 1",,jmpineda@malagaprocultura.com,,"De 7:30 a 22:00H
",,MUNICIPAL,No,No,952224109,,POINT (-4.418773864976995 36.7246477246311),No,82
da_desfibriladores.fid--3b3f458b_19e3a8482f8_-1f22,6220556,,,,,,,-1,0,-1,,,11804,DEA_391,TOTEM (C/ Horno 12),"CALLE HORNO, 12",,jtoscano@malaga.eu,,24h.,,MUNICIPAL,No,No,,,POINT (-4.423940413346547 36.72086253667723),Si,92
da_desfibriladores.fid--3b3f458b_19e3a8482f8_-1f21,6220557,,,,,,,-1,0,-1,,,7247,DEA_228,Centro Ciudadano La Mosca (Hall),"CALLE CONDE DE LAS NAVAS, 56",,franciscovertedor25@gmail.com,,M a D 13:00h a 21:00H,,MUNICIPAL,No,No,619580839,,POINT (-4.370671850048652 36.730019883807444),No,82
da_desfibriladores.fid--3b3f458b_19e3a8482f8_-1f20,6220558,,,,,,,-1,0,-1,,,74511,DEA_758,TOTEM ( Plaza de Pio XII),"PLAZA DE PÍO XII, 1",,jtoscano@malaga.eu,,24 h.,,MUNICIPAL,No,No,682760873,,POINT (-4.443580141698932 36.717214305163886),Si,92
da_desfibriladores.fid--3b3f458b_19e3a8482f8_-1f1f,6220559,,,,,,,-1,0,-1,,,79816,DEA_793,TOTEM EL PALO,"CALLE ARQUITECTO EDUARDO ESTEVE, 9",,jtoscano@malaga.eu,,24h,,MUNICIPAL,No,No,,,POINT (-4.362975576120282 36.720119733343324),Si,92
da_desfibriladores.fid--3b3f458b_19e3a8482f8_-1f1e,6220560,,,,,,,-1,0,-1,,,79348,DEA_788,Hospital Vithas Parque San Antonio,"AVENIDA DEL PINTOR JOAQUÍN SOROLLA, 2",,derojasj@vithas.es,,24h,,PRIVADA,No,No,,,POINT (-4.397617406646632 36.72300659469148),No,82
da_desfibriladores.fid--3b3f458b_19e3a8482f8_-1f1d,6220561,,,,,,,-1,0,-1,,,4223,DEA_531,CENTRO DE SALUD Capuchinos - Salud Mental Guadalmedina ( entrada),"CALLE PEINADO, 9",,direccion.d.malaga.sspa@juntadeandalucia.es,,L a V de 8 a 20h,,AUTONOMICA,No,No,951308612,,POINT (-4.422805734667689 36.73117473060924),No,82
da_desfibriladores.fid--3b3f458b_19e3a8482f8_-1f1c,6220562,,,,,,,-1,0,-1,,,12044,DEA_378,CENTRO CIUDADANOS OLIAS,"CALLE LA SINFONÍA, 8",,NO TIENE,,Viernes 18:00 a 20:00 h.,,MUNICIPAL,No,No,628683317,,POINT (-4.320080504910482 36.7705885967723),No,82
da_desfibriladores.fid--3b3f458b_19e3a8482f8_-1f1b,6220563,,,,,,,-1,0,-1,,,7864,DEA_241,TOTEM  (Paseo Marítimo Pablo Ruiz Picasso junto a la zona de musculación),"AVENIDA DEL PINTOR JOAQUÍN SOROLLA, 107",,jtoscano@malaga.eu,,24h,,MUNICIPAL,No,No,,,POINT (-4.386158549287494 36.72141981000589),Si,92
da_desfibriladores.fid--3b3f458b_19e3a8482f8_-1f1a,6220564,,,,,,,-1,0,-1,,,12765,DEA_284,CENTRO CIUDADANO JARAZMIN,"CALLE JUREL, 10",,marina__gr@hotmail.com,,Abre solo para eventos.,,MUNICIPAL,No,No,652817998,,POINT (-4.334979542260957 36.72801006328295),No,82
da_desfibriladores.fid--3b3f458b_19e3a8482f8_-1f19,6220565,,,,,,,-1,0,-1,,,3981,DEA_546,METRO Estación La Isla (conserjería),"CALLE VELASCO, 1",,j.ocana@metromalaga.es,,"Lunes a Jueves: 06:30-23:15
Viernes: 06:30-1:45
Sábado: 07:00-01:45
Domingo y festivos: 07:00-23:15
Horarios especiales Navidad, Semana Santa y Feria. Consultar oficina Att. Cliente: 902112233",,PRIVADA,No,No,952061640,,POINT (-4.435708611092341 36.70800409375865),No,82
da_desfibriladores.fid--3b3f458b_19e3a8482f8_-1f18,6220566,,,,,,,-1,0,-1,,,14701,DEA_729,EDUCACION IES MARIA VICTORIA ATENCIA (junto a conserjeria),"CAMINO DE ROJAS, 2",,direccion@edumva.com,,"SOLO PERIODO ESCOLAR: L-V de 8:15h a 14:15h
Festivos cerrado",,PRIVADA,No,No,951293808,,POINT (-4.566345821200446 36.73262216165696),No,82
da_desfibriladores.fid--3b3f458b_19e3a8482f8_-1f17,6220567,,,,,,,-1,0,-1,,,11689,DEA_368,CENTRO CIUDADANO TRES CRUCES,"CALLE ALPARGATERITO, 2",,infofederacionagora@gmail.com,,L a V 7:30 a 14:00 y de 16:30 a 19:30,,MUNICIPAL,No,No,,,POINT (-4.450749363974995 36.70136111583174),No,82
da_desfibriladores.fid--3b3f458b_19e3a8482f8_-1f16,6220568,,,,,,,-1,0,-1,,,80052,DEA_803,TOTEM (AVDA IMPERIO ARGENTINA 14),"AVENIDA IMPERIO ARGENTINA, 14",,jtoscano@malaga.eu,,24h,,MUNICIPAL,No,No,,,POINT (-4.4533808543778175 36.68197029680345),Si,92
da_desfibriladores.fid--3b3f458b_19e3a8482f8_-1f15,6220569,,,,,,,-1,0,-1,,,74509,DEA_756,EDUCACION CEIP RICARDO LEÓN,"CALLE ALMOGÍA, 11",,,,HORARIO ESCOLAR,,PRIVADA,No,No,951298303,,POINT (-4.454091637684522 36.717553933040946),No,82
da_desfibriladores.fid--3b3f458b_19e3a8482f8_-1f14,6220570,,,,,,,-1,0,-1,,,80461,DEA_827,CEIP RICARDO DE LEÓN (CENTESIMAL),"CALLE ALMOGÍA, 11",,areainnovacion@malaga.eu,,7.00 A 18.00 L-V,,PRIVADA,No,No,951298303,,POINT (-4.454091637684522 36.717553933040946),No,82
da_desfibriladores.fid--3b3f458b_19e3a8482f8_-1f13,6220571,,,,,,,-1,0,-1,,,12764,DEA_283,CENTRO CIUDADANO PORTADA ALTA,"CALLE ARCHIDONA, 23",,,,L-V 8:00-20H.,,MUNICIPAL,No,No,609357563,,POINT (-4.453083592399225 36.71728130557064),No,82
da_desfibriladores.fid--3b3f458b_19e3a8482f8_-1f12,6220572,,,,,,,-1,0,-1,,,3987,DEA_552,METRO Estación Portada Alta. (Vestíbulo),"CALLE CÓMPETA, 29",,j.ocana@metromalaga.es,,"Lunes a Jueves: 06:30-23:15
Viernes: 06:30-1:45
Sábado: 07:00-01:45
Domingo y festivos: 07:00-23:15
Horarios especiales Navidad, Semana Santa y Feria. Consultar oficina Att. Cliente: 902112233",,PRIVADA,No,No,952061641,,POINT (-4.4534561358545925 36.719264482074756),No,82
da_desfibriladores.fid--3b3f458b_19e3a8482f8_-1f11,6220573,,,,,,,-1,0,-1,,,74517,DEA_764,"TOTEM (C/Kandiusky, 2)","CALLE KANDINSKY, 2",,jtoscano@malaga.eu,,24 h.,,MUNICIPAL,No,No,682760873,,POINT (-4.463689781249818 36.71495571820506),Si,92
da_desfibriladores.fid--3b3f458b_19e3a8482f8_-1f10,6220575,,,,,,,-1,0,-1,,,4182,DEA_557,METRO Estación Barbarela (Vestíbulo),"AVENIDA DE JUAN XXIII, 66",,j.ocana@metromalaga.es,,"Lunes a Jueves	06:30-23:15
Viernes	06:30-01:45
Sábado	07:00-01:45
Domingo y Festivos	07:00-23:15
",,PRIVADA,No,No,952061641,,POINT (-4.445868147570972 36.71161683958612),No,82
da_desfibriladores.fid--3b3f458b_19e3a8482f8_-1f0f,6220576,,,,,,,-1,0,-1,,,3869,DEA_036,Parking Carlos Haya. Fuera Cabina,"AVENIDA DE SANTA ROSA DE LIMA, 4",,jmcano@smassa.eu,,08:00-22:00,,MUNICIPAL,No,No,952060104,,POINT (-4.449122145553487 36.72212351125216),No,82
da_desfibriladores.fid--3b3f458b_19e3a8482f8_-1f0e,6220577,,,,,,,-1,0,-1,,,3186,DEA_058,ÁREA CEMI (Módulo 4. Pasillo a la derecha),"CALLE CONCEJAL MUÑOZ CERVÁN, 3",,cemi@malaga.eu,,De lunes a viernes de 7:30 a 21:00 horas. Sábado y domingo cerrado.,,MUNICIPAL,No,No,951928500,,POINT (-4.4388793326825375 36.697930501955284),No,82
da_desfibriladores.fid--3b3f458b_19e3a8482f8_-1f0d,6220578,,,,,,,-1,0,-1,,,3626,DEA_076,ÁREA Derechos Sociales ( Servicios Centrales) Entrada,"CALLE CONCEJAL MUÑOZ CERVÁN, 3",,mtlopez@malaga.eu,,7:15-20:00h,,MUNICIPAL,No,No,951928441,,POINT (-4.439358078752851 36.69819183147762),No,82
da_desfibriladores.fid--3b3f458b_19e3a8482f8_-1f0c,6220579,,,,,,,-1,0,-1,,,3863,DEA_030,"Mercado Huelin ( C/Hoz, junto a escaleras)","CALLE LA HOZ, 37",,mnaranjo@malaga.eu,,L a S: 08:00 - 15:00h,,MUNICIPAL,No,No,,,POINT (-4.438281168513384 36.70255573875922),No,82
da_desfibriladores.fid--3b3f458b_19e3a8482f8_-1f0b,6220580,,,,,,,-1,0,-1,,,3205,DEA_019,"BIBLIOTECA ""Francisco de Quevedo""  Bda. La Luz (Junto a sala ordenadores)","PLAZA DE LA LUZ, 1",,mecano@malaga.eu,,"L-M-X-J-V 09:30 a 14:00h 
L Y X16:30-20:30h",,MUNICIPAL,No,No,,,POINT (-4.453075208079891 36.69618519331375),No,82
da_desfibriladores.fid--3b3f458b_19e3a8482f8_-1f0a,6220581,,,,,,,-1,0,-1,,,7144,DEA_215,Centro Social La Asunción. (Hall),"CALLE ALOZAINA, 13",,mltomecazorla@gmail.com,,L a S 10:00 a 14:00 y 17:00 a 22:00h.,,MUNICIPAL,No,No,620965322,,POINT (-4.447531276756018 36.70991110917162),No,82
da_desfibriladores.fid--3b3f458b_19e3a8482f8_-1f09,6220582,,,,,,,-1,0,-1,,,4181,DEA_556,METRO Estación el Torcal (Vestíbulo),"AVENIDA DE VELÁZQUEZ, 10",,j.ocana@metromalaga.es,,"Lunes a Jueves	06:30-23:15
Viernes	06:30-01:45
Sábado	07:00-01:45
Domingo y Festivos	07:00-23:15
",,PRIVADA,No,No,952061641,,POINT (-4.4461500850775835 36.699684737493854),No,82
da_desfibriladores.fid--3b3f458b_19e3a8482f8_-1f08,6220583,,,,,,,-1,0,-1,,,3985,DEA_550,METRO Estación Perchel (Vestíbulo),"CALLE EXPLANADA DE LA ESTACIÓN, 1",,j.ocana@metromalaga.es,,"Lunes a Jueves: 06:30-23:15
Viernes: 06:30-1:45
Sábado: 07:00-01:45
Domingo y festivos: 07:00-23:15
Horarios especiales Navidad, Semana Santa y Feria. Consultar oficina Att. Cliente: 902112233",,PRIVADA,No,No,952061641,,POINT (-4.4315130445922835 36.71267967413938),No,82
da_desfibriladores.fid--3b3f458b_19e3a8482f8_-1f07,6220584,,,,,,,-1,0,-1,,,3624,DEA_074,Parking Andalucia (Dentro cabina control),"AVENIDA DE ANDALUCÍA, 4",,jmcano@smassa.es,,08:00-22:00,,MUNICIPAL,No,No,952305919,,POINT (-4.42796551074954 36.717296102475814),No,82
da_desfibriladores.fid--3b3f458b_19e3a8482f8_-1f06,6220585,,,,,,,-1,0,-1,,,7867,DEA_244,"TOTEM (Avda. Andalucía nº4, esquina El Corte Inglés con Hacienda)","AVENIDA DE ANDALUCÍA, 4",,jtoscano@malaga.eu,,24h,,MUNICIPAL,No,No,,,POINT (-4.427576149003304 36.71717357496724),Si,92
da_desfibriladores.fid--3b3f458b_19e3a8482f8_-1f05,6220586,,,,,,,-1,0,-1,,,74521,DEA_768,"TOTEM (Magistrado Salvador Barbera, 18)","CALLE MAGISTRADO SALVADOR BARBERÁ, 18",,jtoscano@malaga.eu,,24 h.,,MUNICIPAL,No,No,682760873,,POINT (-4.443875580659342 36.7245363011193),Si,92
da_desfibriladores.fid--3b3f458b_19e3a8482f8_-1f04,6220587,,,,,,,-1,0,-1,,,3518,DEA_654,UMA E.T.S. de Arquitectura (Conserjería),"PLAZA EJIDO, 1",,,,"L-V de 8 a 21 h.
",,UMA,No,No,952131425,,POINT (-4.419460962673128 36.72813391924096),No,82
da_desfibriladores.fid--3b3f458b_19e3a8482f8_-1f03,6220588,,,,,,,-1,0,-1,,,3519,DEA_655,UMA Facultad de Bellas Artes (Entrada 2º Edificio),"PLAZA EJIDO, 1",,,,"L-V : 8:00 A 21:00h
Sábado: 9:00 a 14:00h",,UMA,No,No,952131375,,POINT (-4.419799514896292 36.72764016626405),No,82
da_desfibriladores.fid--3b3f458b_19e3a8482f8_-1f02,6220589,,,,,,,-1,0,-1,,,7025,DEA_672,"UMA Aulario ""Gerald Brenan"" (Entrada junto a conserjería)","CALLE DE ALBERT EINSTEIN, 2",,,,08:00 a 21:00 Horario lectivo,,OTRAS,No,No,952132298,,POINT (-4.469385735087764 36.71501084230193),No,82
da_desfibriladores.fid--3b3f458b_19e3a8482f8_-1f01,6220590,,,,,,,-1,0,-1,,,7024,DEA_671,"UMA Aulario ""Isabel Oyarzabal"" (Entrada a la Izq.)","CALLE DE ALBERT EINSTEIN, 1",,,,08:00 a 21:00 horario lectivo,,OTRAS,No,No,951952983,,POINT (-4.469718963163002 36.714893671849815),No,82
da_desfibriladores.fid--3b3f458b_19e3a8482f8_-1f00,6220591,,,,,,,-1,0,-1,,,3982,DEA_547,METRO Estación La Unión. (Vestíbulo),"CALLE SANTA MARTA, 3",,j.ocana@metromalaga.es,,"Lunes a Jueves: 06:30-23:15
Viernes: 06:30-1:45
Sábado: 07:00-01:45
Domingo y festivos: 07:00-23:15
Horarios especiales Navidad, Semana Santa y Feria. Consultar oficina Att. Cliente: 902112233",,PRIVADA,No,No,952061641,,POINT (-4.440396854184352 36.71117104364013),No,82
da_desfibriladores.fid--3b3f458b_19e3a8482f8_-1eff,6220592,,,,,,,-1,0,-1,,,3763,DEA_149,OMAC  Centro(1ªplanta junto a los buzones),"PLAZA DE LA MERCED, 1",,dguzman@malaga.eu,,De Lunes a Viernes de 8:00 a 21:00 h,,MUNICIPAL,No,No,951926041,,POINT (-4.417663890523222 36.722852663272086),No,82
da_desfibriladores.fid--3b3f458b_19e3a8482f8_-1efe,6220593,,,,,,,-1,0,-1,,,65524,DEA_732,CP ILUSTRE COLEGIO OFICIAL DE VETERINARIOS DE MALAGA,"PASAJE ESPERANTO, 1",,gerente@colegioveterinariosmalaga.es,,"De L a J  08:00 a 18:00 h.
V 08:00 a 15:00 h.",,PRIVADA,No,No,952391790,,POINT (-4.434215313075946 36.71892586153929),No,82
da_desfibriladores.fid--3b3f458b_19e3a8482f8_-1efd,6220594,,,,,,,-1,0,-1,,,3687,DEA_140,OMAC Cruz de Humilladero,"CALLE CONDE DE GUADALHORCE, 15",,affrodriguez@malaga.eu,,"L a V de  8:00 a 15:00 h
",,MUNICIPAL,No,No,951926046,,POINT (-4.443360019371989 36.71403819643257),No,82
da_desfibriladores.fid--3b3f458b_19e3a8482f8_-1efc,6220595,,,,,,,-1,0,-1,,,3520,DEA_656,UMA Facultades Turismo y CC. De la Comunicación (Conserjería),"CALLE DE LEÓN TOLSTOI, 4",,,,"L-M-X-J-V de 8 a 21 h.
",,UMA,No,No,952132901,,POINT (-4.47040045023074 36.71434482978311),No,82
da_desfibriladores.fid--3b3f458b_19e3a8482f8_-1efb,6220596,,,,,,,-1,0,-1,,,12024,DEA_379,CENTRO SOCIAL CARITAS (Barracones Universitarios),"CALLE DEL PADRE MONDÉJAR, 1",,mmoreno.cdmalaga@caritas .es,,24 h.,,MUNICIPAL,No,No,605430082,,POINT (-4.419775879024002 36.727290527997425),No,82
da_desfibriladores.fid--3b3f458b_19e3a8482f8_-1efa,6220597,,,,,,,-1,0,-1,,,3983,DEA_548,METRO Estación La Luz-La Paz. (Vestíbulo),"AVENIDA DE VELÁZQUEZ, 64",,j.ocana@metromalaga.es,,"Lunes a Jueves: 06:30-23:15
Viernes: 06:30-1:45
Sábado: 07:00-01:45
Domingo y festivos: 07:00-23:15
Horarios especiales Navidad, Semana Santa y Feria. Consultar oficina Att. Cliente: 902112233",,PRIVADA,No,No,952061641,,POINT (-4.4515452014513315 36.69552584662734),No,82
da_desfibriladores.fid--3b3f458b_19e3a8482f8_-1ef9,6220598,,,,,,,-1,0,-1,,,8544,DEA_619,EMPRESA GARUM MOTOR SL (junto despacho de jefe de ventas),"AVENIDA DE JUAN XXIII, 33",,jpena@garummotor.com,,L - V 9:00 - 14:00// 16:30 - 20:00,,PRIVADA,No,No,952040242,,POINT (-4.444338577667984 36.708486007841834),No,82
da_desfibriladores.fid--3b3f458b_19e3a8482f8_-1ef8,6220599,,,,,,,-1,0,-1,,,6824,DEA_560,METRO Estación Paraninfo,"AVENIDA DOLORES RODRÍGUEZ DE ARAGÓN, 13",,j.ocana@metromalaga.es,,24H.,,PRIVADA,No,No,952061641,,POINT (-4.488593966252981 36.717608649883594),Si,92
da_desfibriladores.fid--3b3f458b_19e3a8482f8_-1ef7,6220600,,,,,,,-1,0,-1,,,74518,DEA_765,"TOTEM (Emilio Zola, 24)","CALLE EMILIO ZOLA, 24",,jtoscano@malaga.eu,,24 h.,,MUNICIPAL,No,No,682760873,,POINT (-4.483543571404067 36.73476934786873),Si,92
da_desfibriladores.fid--3b3f458b_19e3a8482f8_-1ef6,6220601,,,,,,,-1,0,-1,,,7244,DEA_225,Centro Ciudadano 26 de Febrero (Recepción),"CALLE FRANCISCO CARTER, 15",,phogar5@malaga.eu,,L a V 9:00 a 20:00,,MUNICIPAL,No,No,951928920,,POINT (-4.429078557134431 36.74212759961532),No,82
da_desfibriladores.fid--3b3f458b_19e3a8482f8_-1ef5,6220602,,,,,,,-1,0,-1,,,11614,DEA_353,BOMBEROS CENTRAL (Recepción parque),"PASEO MARTIRICOS, 12",,scgalvez@malaga.eu,,24h,,MUNICIPAL,No,No,951928987,,POINT (-4.426711455169583 36.72834423653771),Si,92
da_desfibriladores.fid--3b3f458b_19e3a8482f8_-1ef4,6220603,,,,,,,-1,0,-1,,,12527,DEA_433,BOMBEROS (Parque Central)(R5 4456 HRH),"PASEO MARTIRICOS, 12",,scgalvez@malaga.eu,,24 H.,,MUNICIPAL,No,No,951928987,,POINT (-4.426932933585416 36.7283664936253),Si,92
da_desfibriladores.fid--3b3f458b_19e3a8482f8_-1ef3,6220604,,,,,,,-1,0,-1,,,14144,DEA_694,BOMBEROS PARQUE BOMBEROS CENTRAL,"PASEO MARTIRICOS, 12",,scgalvez@malaga.eu,,24 h.,,MUNICIPAL,No,No,951928987,,POINT (-4.426932933585416 36.7283664936253),Si,92
da_desfibriladores.fid--3b3f458b_19e3a8482f8_-1ef2,6220605,,,,,,,-1,0,-1,,,12365,DEA_426,TOTEM (Pl. de la Solidaridad),"PLAZA DE LA SOLIDARIDAD, 6",,jtoscano@malaga.eu,,24 h.,,MUNICIPAL,No,No,,,POINT (-4.431701263005864 36.7146313253847),Si,92
da_desfibriladores.fid--3b3f458b_19e3a8482f8_-1ef1,6220606,,,,,,,-1,0,-1,,,11638,DEA_365,CENTRO CIUDADANOS SAN CARLOS LITORAL,"CALLE DE FRANCISCO DE SALINAS, 6",,gocaco53@hotmail.com,,L Y MIERC. 11:00 a 12:00h.,,MUNICIPAL,No,No,,,POINT (-4.443753588692837 36.690754932538546),No,82
da_desfibriladores.fid--3b3f458b_19e3a8482f8_-1ef0,6220607,,,,,,,-1,0,-1,,,3650,DEA_135,Mercado Ciudad Jardín (entrada C/ Emilio Tuiller),"CALLE EMILIO THUILLIER, 101",,lolyrico64@gmail.com,,De 7:00 a 15:00 h,,MUNICIPAL,No,No,619040107,,POINT (-4.421963614603197 36.7463767539576),No,82
da_desfibriladores.fid--3b3f458b_19e3a8482f8_-1eef,6220608,,,,,,,-1,0,-1,,,9094,DEA_629,EMPRESA Banco Unicaja AVENIDA ANDALUCÍA (A la derecha del puesto de seguridad de la entrada),"AVENIDA DE ANDALUCÍA, 12",,mhorcaja@unicaja.es,,L a V    08:00 a 15:00 h.,,PRIVADA,No,No,952138171,,POINT (-4.430756442999777 36.717347550166906),No,82
da_desfibriladores.fid--3b3f458b_19e3a8482f8_-1eee,6220609,,,,,,,-1,0,-1,,,3647,DEA_134,Junta de Distrito El Palo,"CALLE MARTÍNEZ FALERO, 34",,distrito2@malaga.eu,,L-V: 8:00 a 15:00h,,MUNICIPAL,No,No,951926042,,POINT (-4.356114520707094 36.72102464719083),No,82
da_desfibriladores.fid--3b3f458b_19e3a8482f8_-1eed,6220610,,,,,,,-1,0,-1,,,3686,DEA_139,Mercado Churriana (Entrando a la derecha),"PLAZA MAYOR, 1",,,,De 7:00 a 15:00 h,,MUNICIPAL,No,No,656912292,,POINT (-4.5038875011658055 36.668369608523264),No,82
da_desfibriladores.fid--3b3f458b_19e3a8482f8_-1eec,6220611,,,,,,,-1,0,-1,,,10326,DEA_640,"EMPRESA HOTEL SOHO Boutique Malaga (entrada principal, entrando a la derecha al lado de la puerta)","CALLE CÓRDOBA, 5",,,,24h,,PRIVADA,No,No,952224079,,POINT (-4.422154755015816 36.7169800525397),Si,92
da_desfibriladores.fid--3b3f458b_19e3a8482f8_-1eeb,6220612,,,,,,,-1,0,-1,,,73824,DEA_746,EMPRESA MEDICAL CENTER LA MALAGUETA SL,"CALLE FARO, 2",,admin@cmlamalagueta.com,,9:00-13:00 y 15:30-20:00,,PRIVADA,No,No,952224690,,POINT (-4.411806814066935 36.71754617613475),No,82
da_desfibriladores.fid--3b3f458b_19e3a8482f8_-1eea,6220613,,,,,,,-1,0,-1,,,13544,DEA_506,Centro Servicios Sociales CIUDAD JARDIN( hall a la derecha),"CALLE LAS MORERAS, 6",,css3@malaga.eu,,L a V 8:30 a 14:00 y 15:30 a 20:00 h.,,MUNICIPAL,No,No,951926073,,POINT (-4.417984130594658 36.74430393329129),No,82
da_desfibriladores.fid--3b3f458b_19e3a8482f8_-1ee9,6220614,,,,,,,-1,0,-1,,,7265,DEA_230,"Centro Ciudadano María Zambrano (Hall, al lado de la escalera)","CALLE LAS MORERAS, 2",,almagro.elmoral@gmail.com,,L-V 08:00 a 20:30h,,MUNICIPAL,No,No,691427128,,POINT (-4.416889876627771 36.743777138454554),No,82
da_desfibriladores.fid--3b3f458b_19e3a8482f8_-1ee8,6220615,,,,,,,-1,0,-1,,,6641,DEA_592,"EMPRESA Plaza Mayor Shopping S.A.U (Plaza Jazmínes, junto ascensores)","CALLE ALFONSO PONCE DE LEÓN, 4",,jperea@sonaesierra.com,,L a S 10::00 a 22:00h.,,PRIVADA,No,No,952172515,,POINT (-4.478656967378988 36.6568154793254),No,82
da_desfibriladores.fid--3b3f458b_19e3a8482f8_-1ee7,6220616,,,,,,,-1,0,-1,,,4101,DEA_574,EMPRESA EMBARBA SA,"AVENIDA DE VELÁZQUEZ, 327",,docana@EMBARBA.COM,,"L-V 7:00-21:00H
S-D 10:00-18:00H",,PRIVADA,No,No,952176517,,POINT (-4.4761203097845685 36.674428127830154),No,82
da_desfibriladores.fid--3b3f458b_19e3a8482f8_-1ee6,6220617,,,,,,,-1,0,-1,,,3946,DEA_579,"EDUCACIÓN CE Diocesano Padre Jacobo (pasillo planta baja, entre puerta entrada y salida)","CALLE GUADALAVIAR, 1",,relacionesexternas@fundacionvictoria.edu.es,,L a V de 8:30 a 15:00h (periodo escolar),,PRIVADA,No,No,952311044,,POINT (-4.437852393845178 36.70793292096948),No,82
da_desfibriladores.fid--3b3f458b_19e3a8482f8_-1ee5,6220618,,,,,,,-1,0,-1,,,6642,DEA_593,"EMPRESA Plaza Mayor Shopping S.A.U. (Edificio Ocio, Plaza central Food Court, Junto escaleras)","CALLE ALFONSO PONCE DE LEÓN, 5",,jrperea@sonaesierra.com,,L a D de 10:00 a 1:00,,PRIVADA,No,No,952172515,,POINT (-4.478170148708261 36.65745534971492),No,82
da_desfibriladores.fid--3b3f458b_19e3a8482f8_-1ee4,6220619,,,,,,,-1,0,-1,,,8184,DEA_615,EMPRESA Belife Wellness Center  (Sala fitness-pasillo piscina cubierta),"CALLE MARÍA CURIE, 30",,comercial@belife.be,,"L a V 8 a 22 h 
S 8 a 15 h 
",,PRIVADA,No,No,951100909,,POINT (-4.547708749225332 36.73890267096787),No,82
da_desfibriladores.fid--3b3f458b_19e3a8482f8_-1ee3,6220620,,,,,,,-1,0,-1,,,7226,DEA_222,CULTURA Centro Cultural Vecinal San Julián (Hall),"CAMINO GUADALMAR A LA LOMA, 24",,lalomadesanjulian@hotmail.com,,De lunes a viernes de 10:00 a 13:00 horas y de 17:00 a 22:30 horas.,,MUNICIPAL,No,No,,,POINT (-4.471923561034485 36.66813345492689),No,82
da_desfibriladores.fid--3b3f458b_19e3a8482f8_-1ee2,6220621,,,,,,,-1,0,-1,,,7926,DEA_614,EMPRESA Pública de Emergencias Sanitarias (primera planta frente ascensor),"CALLE MARÍA CURIE, 7",,,,8 a 15 horas,,PRIVADA,No,No,951035900,,POINT (-4.550109651303014 36.73760219879),No,82
da_desfibriladores.fid--3b3f458b_19e3a8482f8_-1ee1,6220622,,,,,,,-1,0,-1,,,4281,DEA_588,EMPRESA MADES ( planta de Producción),"AVENIDA DE JUAN LÓPEZ DE PEÑALVER, 12",,ecalcedo@mades.es,,L a V de 09:00 a 17:30h,,PRIVADA,No,No,952249259,,POINT (-4.551749994167508 36.735236823574134),No,82
da_desfibriladores.fid--3b3f458b_19e3a8482f8_-1ee0,6220623,,,,,,,-1,0,-1,,,8853,DEA_621,EMPRESA CC Málaga Factory (Galería principal frente ascensor ),"CALLE JAÉN, 3",,info@caryosa.com,,L a S 10:00 a 22:00,,PRIVADA,No,No,673288199,,POINT (-4.471032125632679 36.68630335766728),No,82
da_desfibriladores.fid--3b3f458b_19e3a8482f8_-1edf,6220624,,,,,,,-1,0,-1,,,12946,DEA_449,Centro Comercial Málaga Factory,"CALLE JAÉN, 3",,info@malaga-factory.com,,DE 10:00 A 22:00H,,PRIVADA,No,No,,,POINT (-4.470970211653793 36.68574762924655),No,82
da_desfibriladores.fid--3b3f458b_19e3a8482f8_-1ede,6220625,,,,,,,-1,0,-1,,,80134,DEA_810,HABITEC (CENTESIMAL),"CALLE MARÍA CURIE, 22",,areainnovacion@malaga.eu,,8:00-16:30h L-V no festivos,,PRIVADA,No,No,952028125,,POINT (-4.547365365484522 36.736310828553805),No,66
da_desfibriladores.fid--3b3f458b_19e3a8482f8_-1edd,6220626,,,,,,,-1,0,-1,,,6944,DEA_201,Caseta de Control PTA (Planta baja),"AVENIDA DE JUAN LÓPEZ DE PEÑALVER, 1",,control@ext.pta.es,,24 horas,,PRIVADA,No,No,951231300,,POINT (-4.550639375274679 36.73259251968187),No,82
da_desfibriladores.fid--3b3f458b_19e3a8482f8_-1edc,6220627,,,,,,,-1,0,-1,,,6721,DEA_600,"EMPRESA ANOVO IBÉRICA MADRID, S.L.U. (En  zona de oficinas junto al Servicio Médico)","AVENIDA DE JUAN LÓPEZ DE PEÑALVER, 4",,jmjimenez@anovo.es,,L a V 09:00 a 19:00 h.,,PRIVADA,No,No,952020020,,POINT (-4.550588228508915 36.733008948468346),No,82
da_desfibriladores.fid--3b3f458b_19e3a8482f8_-1edb,6220628,,,,,,,-1,0,-1,,,4285,DEA_590,EMPRESA Ahumados Ubago S.L. (comedor del personal),"CALLE CHARLES DARWIN, 3",,dcanal@ubagogroup.com,,L a V 07:00 - 15:00 horas.,,PRIVADA,No,No,951010470,,POINT (-4.555881858303454 36.74309846176794),No,82
da_desfibriladores.fid--3b3f458b_19e3a8482f8_-1eda,6220629,,,,,,,-1,0,-1,,,8849,DEA_620,EMPRESA CC Málaga Ocio (Planta Baja Columna frente Bolera),"CALLE JAÉN, 1",,info@caryosa.com,,L a D 9:00-01:00,,PRIVADA,No,No,607850776,,POINT (-4.4724810790229075 36.68527631999282),No,82
da_desfibriladores.fid--3b3f458b_19e3a8482f8_-1ed9,6220630,,,,,,,-1,0,-1,,,12947,DEA_450,Centro Comercial Málaga Ocio,"CALLE JAÉN, 1",,info@ccmalagaocio.com,,DE 9:00 H A 00:00H,,PRIVADA,No,No,,,POINT (-4.471644129413234 36.68507361135819),No,82
da_desfibriladores.fid--3b3f458b_19e3a8482f8_-1ed8,6220631,,,,,,,-1,0,-1,,,80438,DEA_821,CENTRO CONTROL ACCESOS APARCAMIENTO Y VIGILANCIA PTA (CENTESIMAL),"AVENIDA DE JUAN LÓPEZ DE PEÑALVER, 2",,areainnovacion@malaga.eu,,24H,,PRIVADA,No,No,952217511,,POINT (-4.550242463849 36.732146412926184),Si,95
da_desfibriladores.fid--3b3f458b_19e3a8482f8_-1ed7,6220632,,,,,,,-1,0,-1,,,12884,DEA_352,PISTAS DEPORTIVAS LAS PEDRIZAS,"CALLE DECANO EDUARDO PALANCA, 2",,miryramos@hotmail.com,,DE 17 a 22 h.,,MUNICIPAL,No,No,658201411,,POINT (-4.513629987329625 36.66836294118179),No,82
da_desfibriladores.fid--3b3f458b_19e3a8482f8_-1ed6,6220633,,,,,,,-1,0,-1,,,14265,DEA_704,Centro Servicios Sociales CAMPANILLAS,"CALLE CRISTOBALINA FERNÁNDEZ, 4",,css9@malaga.eu,,L-V 09:00 a 14:00 h.,,MUNICIPAL,No,No,951926902,,POINT (-4.536718517431634 36.723040882145696),No,82
da_desfibriladores.fid--3b3f458b_19e3a8482f8_-1ed5,6220634,,,,,,,-1,0,-1,,,7824,DEA_238,TOTEM (C/ Granada nº26),"CALLE GRANADA, 26",,jtoscano@malaga.eu,,24H,,MUNICIPAL,No,No,,,POINT (-4.420495919902749 36.721701066352324),Si,92
da_desfibriladores.fid--3b3f458b_19e3a8482f8_-1ed4,6220635,,,,,,,-1,0,-1,,,3984,DEA_549,METRO Estación Puerta Blanca (Vestíbulo),"AVENIDA DE VELÁZQUEZ, 103",,j.ocana@metromalaga.es,,"Lunes a Jueves: 06:30-23:15
Viernes: 06:30-1:45
Sábado: 07:00-01:45
Domingo y festivos: 07:00-23:15
Horarios especiales Navidad, Semana Santa y Feria. Consultar oficina Att. Cliente: 902112233",,PRIVADA,No,No,952061641,,POINT (-4.455910875987299 36.691444232350605),No,82
da_desfibriladores.fid--3b3f458b_19e3a8482f8_-1ed3,6220636,,,,,,,-1,0,-1,,,3989,DEA_555,METRO Estación Palacio de los Deportes (vestíbulo),"CALLE LEXICÓGRAFA MARÍA MOLINER, 2",,j.ocana@metromalaga.es,,"Lunes a Jueves: 06:30-23:15
Viernes: 06:30-1:45
Sábado: 07:00-01:45
Domingo y festivos: 07:00-23:15
Horarios especiales Navidad, Semana Santa y Feria. Consultar oficina Att. Cliente: 902112233",,PRIVADA,No,No,952061641,,POINT (-4.459343276157404 36.68515596814312),No,82
da_desfibriladores.fid--3b3f458b_19e3a8482f8_-1ed2,6220637,,,,,,,-1,0,-1,,,13524,DEA_336,CENTRO CIUDADANOS Mª JESUS MORENO JIMENEZ,"CALLE JUAN FRANCÉS BOSCA, 20",,info@afilroma.org,,L a V 9:30 a 12:30 y 17 a 21,,MUNICIPAL,No,No,,,POINT (-4.467862327364989 36.72684271809029),No,82
da_desfibriladores.fid--3b3f458b_19e3a8482f8_-1ed1,6220638,,,,,,,-1,0,-1,,,3646,DEA_092,CULTURA Alcazaba (Recepción),"CALLE ALCAZABILLA, 2",,sescobar@malaga.eu,,"Verano: de 09:00 a 20:00
Invierno : de 09:00 a 18:00",,MUNICIPAL,No,No,951927706,,POINT (-4.417013919216789 36.720599835426164),No,82
da_desfibriladores.fid--3b3f458b_19e3a8482f8_-1ed0,6220639,,,,,,,-1,0,-1,,,6666,DEA_197,"TOTEM (Calle Alcazabilla nº12, frente Teatro Romano)","CALLE ALCAZABILLA, 12",,jtoscano@malaga.eu,,24 horas,,MUNICIPAL,No,No,,,POINT (-4.417245545169168 36.72170748891022),Si,92
da_desfibriladores.fid--3b3f458b_19e3a8482f8_-1ecf,6220640,,,,,,,-1,0,-1,,,12466,DEA_435,"TOTEM (C/ Lope de Rueda,63)","CALLE LOPE DE RUEDA, 63",,jtoscano@malaga.eu,,24 h.,,MUNICIPAL,No,No,,,POINT (-4.480775025819731 36.73809335115573),Si,92
da_desfibriladores.fid--3b3f458b_19e3a8482f8_-1ece,6220641,,,,,,,-1,0,-1,,,6821,DEA_608,POLICIA NACIONAL Comisaría Provincial (2ªPlanta),"PLAZA DE MANUEL AZAÑA, 3",,afrances@policia.es,,08.00 a 15.00 de Lunes a viernes,,PRIVADA,No,No,952046210,,POINT (-4.448703328001601 36.71431642612036),No,82
da_desfibriladores.fid--3b3f458b_19e3a8482f8_-1ecd,6220642,,,,,,,-1,0,-1,,,6822,DEA_609,"POLICIA NACIONAL Comisaría Provincial (Puerta Principal, control acceso)","PLAZA DE MANUEL AZAÑA, 3",,afrances@policia.es,,24H TODOS LOS DÍAS.,,PRIVADA,No,No,952046210,,POINT (-4.4486612038193 36.71438689792537),No,82
da_desfibriladores.fid--3b3f458b_19e3a8482f8_-1ecc,6220643,,,,,,,-1,0,-1,,,7227,DEA_223,Centro Social de Mayores Miraflores (Hall),"CALLE GAZULES, 8",,asociacionmayores1@gmail.com,,L a S de 9:00 a 21:00 h.,,MUNICIPAL,No,No,600010126,,POINT (-4.439650689296041 36.72857211069091),No,82
da_desfibriladores.fid--3b3f458b_19e3a8482f8_-1ecb,6220644,,,,,,,-1,0,-1,,,4242,DEA_536,CENTRO DE SALUD Nueva Málaga (consulta 4),"CALLE MAGISTRADO SALVADOR BARBERÁ, 22",,direccion.d.malaga.sspa@juntadeandalucia.es,,L a V de 8 a 20 h,,AUTONOMICA,No,No,951308599,,POINT (-4.444634414834105 36.7258174464225),No,82
da_desfibriladores.fid--3b3f458b_19e3a8482f8_-1eca,6220645,,,,,,,-1,0,-1,,,7034,DEA_676,"UMA Aulario ""Severo Ochoa"" (Junto conserjería)","CALLE DE LEÓN TOLSTOI, 2",,,,08:00 a 21:00 horario lectivo,,OTRAS,No,No,952132298,,POINT (-4.471659733349834 36.714256865175024),No,82
da_desfibriladores.fid--3b3f458b_19e3a8482f8_-1ec9,6220646,,,,,,,-1,0,-1,,,3210,DEA_066,CULTURA Fundación Picasso (Recepción),"PLAZA DE LA MERCED, 15",,jlaguna@malaga.eu,,L a D:  9.30 a 20.00 h,,MUNICIPAL,No,No,951926060,,POINT (-4.417622217231208 36.724059476242346),No,82
da_desfibriladores.fid--3b3f458b_19e3a8482f8_-1ec8,6220647,,,,,,,-1,0,-1,,,6663,DEA_194,TOTEM (Plaza de la Merced),"PLAZA DE LA MERCED, 16",,jtoscano@malaga.eu,,24 horas,,MUNICIPAL,No,No,,,POINT (-4.417617792214852 36.72371227116902),Si,92
da_desfibriladores.fid--3b3f458b_19e3a8482f8_-1ec7,6220648,,,,,,,-1,0,-1,,,11646,DEA_364,CENTRO CIUDADANO PEDRO DITO,"CARRIL DE LA CORDOBESA, 12",,,,L a V 16:30 a 20:30h.,,MUNICIPAL,No,No,,,POINT (-4.438552824668921 36.707389082646145),No,82
da_desfibriladores.fid--3b3f458b_19e3a8482f8_-1ec6,6220649,,,,,,,-1,0,-1,,,12904,DEA_445,EDUCACION Colegio Europa (PABELLON SECRETARIA),"CALLE LOPE DE RUEDA, 181",,info@colegioeuropamalaga.com,,"LUNES A VIERNES DE 8:00 A 17:30 H
",,PRIVADA,No,No,952431100,,POINT (-4.492473847421048 36.74656095846107),No,82
da_desfibriladores.fid--3b3f458b_19e3a8482f8_-1ec5,6220650,,,,,,,-1,0,-1,,,12604,DEA_455,Ibis Budget Málaga Aeropuerto Avenida Velázquez (Recepción),"CALLE HORACIO QUIROGA, 33",,mantenimiento@cordis-group.com,,24 H,,PRIVADA,No,No,952105155,,POINT (-4.460914344189134 36.69092001364084),Si,92
da_desfibriladores.fid--3b3f458b_19e3a8482f8_-1ec4,6220651,,,,,,,-1,0,-1,,,12866,DEA_375,CENTRO CIUDADANO DE MAYORES GUADALMEDINA,"CALLE PINTOR BERROBIANCO MELÉNDEZ, 4",,asociaciondemayoresguadalmedina01@gmail.com,,L a J 10:00 a 12:00 y 18:00 a 20:00 h.,,MUNICIPAL,No,No,952350893,,POINT (-4.443824581457226 36.709209476445515),No,82
da_desfibriladores.fid--3b3f458b_19e3a8482f8_-1ec3,6220652,,,,,,,-1,0,-1,,,4061,DEA_570,EMPRESA Catedral. (Sacristía),"CALLE CÍSTER, 1",,jose.fernandez@diocesismalaga.es,,"De L a V 08:30h a 14:00h
S y D de 08:30h a 14:00h y de 18:00h a 19:00h",,PRIVADA,No,No,952215917,,POINT (-4.4189595770426315 36.720384055650506),No,82
da_desfibriladores.fid--3b3f458b_19e3a8482f8_-1ec2,6220653,,,,,,,-1,0,-1,,,4063,DEA_571,EMPRESA Catedral (Atrio),"CALLE CÍSTER, 1",,jose.fernandez@diocesismalaga.es,,"De L a V de 08,30 a 14,00 h
De S a D de 08,30 a 14,00h y de 18:00h a 19:00h",,PRIVADA,No,No,952220345,,POINT (-4.419514810562961 36.720504632921894),No,82
da_desfibriladores.fid--3b3f458b_19e3a8482f8_-1ec1,6220654,,,,,,,-1,0,-1,,,7865,DEA_242,TOTEM (Calle Císter),"CALLE CÍSTER, 1",,jtoscano@malaga.eu,,24h,,MUNICIPAL,No,No,682760873,,POINT (-4.419307519066676 36.72083146178874),Si,92
da_desfibriladores.fid--3b3f458b_19e3a8482f8_-1ec0,6220655,,,,,,,-1,0,-1,,,3685,DEA_138,La Caja Blanca (planta baja),"AVENIDA DEL EDITOR ÁNGEL CAFFARENA, 8",,mmolina@malaga.eu,,"De 8:00 a 15:00 h (L-V)
",,MUNICIPAL,No,No,951926098,,POINT (-4.474707480520127 36.72677541937152),No,82
da_desfibriladores.fid--3b3f458b_19e3a8482f8_-1ebf,6220656,,,,,,,-1,0,-1,,,3944,DEA_584,EDUCACIÓN CE Diocesano Espíritu Santo. (Despacho dirección),"CALLE ALCALDE ROMERO RAGGIO, 15",,relacionesexternas@fundacionvictoria.edu.es,,L a V 7:30 - 15:30 (Periodo lectivo),,PRIVADA,No,No,952310937,,POINT (-4.449247057680144 36.70295293599477),No,82
da_desfibriladores.fid--3b3f458b_19e3a8482f8_-1ebe,6220657,,,,,,,-1,0,-1,,,3749,DEA_120,"CULTURA Cine Albeniz( pasillo, entre sala 2 y 3 )","CALLE ALCAZABILLA, 9",,jmpineda@malagaprocultura.com,,"Taquiila 16:00 A 22:00h
Oficina (L-V) 9:00 a 15:00h",,MUNICIPAL,No,No,639250861,,POINT (-4.417065099058365 36.721939789548586),No,82
da_desfibriladores.fid--3b3f458b_19e3a8482f8_-1ebd,6220658,,,,,,,-1,0,-1,,,12366,DEA_427,TOTEM ( Parque de Huelin),"PARQUE DE HUELIN, 1",,jtoscano@malaga.eu,,24 h.,,MUNICIPAL,No,No,,,POINT (-4.43314056507208 36.70543110165982),Si,92
da_desfibriladores.fid--3b3f458b_19e3a8482f8_-1ebc,6220659,,,,,,,-1,0,-1,,,11706,DEA_367,CENTRO CIUDADANO RAFAEL DAVILA,"CALLE VIRGEN DEL PERPETUO SOCORRO, 11",,omaweb@omaweb.org,,L a V 8:00 a 21:00 h.,,MUNICIPAL,No,No,952345201,,POINT (-4.446337577323382 36.715046579749135),No,82
da_desfibriladores.fid--3b3f458b_19e3a8482f8_-1ebb,6220660,,,,,,,-1,0,-1,,,3764,DEA_150,Instituto Municipal de la Vivienda. Entrada edificio,"CALLE DE SAINT-EXUPÉRY, 22",,imv@malaga.eu,,"L - V DE 6:00 A 22:00 H
",,MUNICIPAL,No,No,951926794,,POINT (-4.457235141993653 36.71716817480913),No,82
da_desfibriladores.fid--3b3f458b_19e3a8482f8_-1eba,6220661,,,,,,,-1,0,-1,,,3224,DEA_020,"BIBLIOTECA ""Francisco Guillén Robles"" Sta. Paula (Frente a la entrada)","PLAZA DE VALENTÍN ORTIGOSA, 2",,biblio.sguillen@malaga.eu,,"L a V 09:30 a 14:00 
M y J 16:30 a 20:30",,MUNICIPAL,No,No,951926174,,POINT (-4.445284120208151 36.690738424902015),No,82
da_desfibriladores.fid--3b3f458b_19e3a8482f8_-1eb9,6220662,,,,,,,-1,0,-1,,,3965,DEA_545,CULTURA CC María Victoria Atencia (conserjería),"CALLE OLLERÍAS, 34",,fjmanzano@malaga.es,,09:00h a 21:00h de L a V,,Provincial,No,No,952133950,,POINT (-4.422475518700859 36.72546721943341),No,82
da_desfibriladores.fid--3b3f458b_19e3a8482f8_-1eb8,6220663,,,,,,,-1,0,-1,,,3225,DEA_070,OMAC Puerto de la Torre (Recepción),"CALLE VÍCTOR HUGO, 1",,fjcintas@malaga.eu,,L-M-X-J-V   8:00 a 15:00 H,,MUNICIPAL,No,No,951926040,,POINT (-4.481565193591701 36.736959342366696),No,82
da_desfibriladores.fid--3b3f458b_19e3a8482f8_-1eb7,6220664,,,,,,,-1,0,-1,,,10567,DEA_644,EMPRESA Vals Sport Cónsul,"CALLE DE SÓFOCLES, 11",,javierpajuelo@valssport.com,,"La V 07:00 a 00:00 fin de semana y festivo 9:00 a 23:00
",,PRIVADA,No,No,952003034,,POINT (-4.480723143251635 36.72241658160123),No,82
da_desfibriladores.fid--3b3f458b_19e3a8482f8_-1eb6,6220665,,,,,,,-1,0,-1,,,7135,DEA_208,Centro Ciudadano El Perchel (Hall),"CALLE LA SERNA, 10",,elperchelasociacion@gmail.com,,L a V 10:00 a 13:00 y 17:00 a 20:00 h.,,MUNICIPAL,No,No,620134831,,POINT (-4.42962373628168 36.7143947697895),No,82
da_desfibriladores.fid--3b3f458b_19e3a8482f8_-1eb5,6220666,,,,,,,-1,0,-1,,,14245,DEA_706,Centro Servicios Sociales CENTRO,"CALLE PADRE JORGE LAMOTHE, 4",,jajsoto@malaga.eu,,L a V 9:00 a 14:00 h.,,MUNICIPAL,No,No,951926071,,POINT (-4.426088468722816 36.721034598191),No,82
da_desfibriladores.fid--3b3f458b_19e3a8482f8_-1eb4,6220667,,,,,,,-1,0,-1,,,13049,DEA_478,EDUCACION CEIP VICENTE ALEIXANDRE(Consejería),"CAMINO DE LA TÉRMICA, 21",,29006325.edu@juntadeandalucia.es,,Horario lectivo 9:00 a 14:00 h.,Planta baja. Consejería,PRIVADA,No,No,951298396,,POINT (-4.447193025729004 36.68866577746134),No,82
da_desfibriladores.fid--3b3f458b_19e3a8482f8_-1eb3,6220668,,,,,,,-1,0,-1,,,7868,DEA_245,"TOTEM (Alameda principal nº 14, esquina con Puerta del Mar)","ALAMEDA PRINCIPAL, 14",,,,24H,,MUNICIPAL,No,No,,,POINT (-4.422751480551675 36.717920748354075),Si,92
da_desfibriladores.fid--3b3f458b_19e3a8482f8_-1eb2,6220669,,,,,,,-1,0,-1,,,3198,DEA_065,ÁREA Archivo Mpal. (Patio a la derecha),"ALAMEDA PRINCIPAL, 23",,seguridadactiva63@gmail.com,,L a V 9:00 a 14:00,,MUNICIPAL,No,No,951928768,,POINT (-4.423174305103421 36.717183437498576),No,82
da_desfibriladores.fid--3b3f458b_19e3a8482f8_-1eb1,6220670,,,,,,,-1,0,-1,,,4184,DEA_559,METRO Estación de Carranque. (Vestíbulo),"CALLE VIRGEN DE LA CABEZA, 2",,j.ocana@metromalaga.es,,"Lunes a Jueves	06:30-23:15
Viernes	06:30-01:45
Sábado	07:00-01:45
Domingo y Festivos	07:00-23:15
",,PRIVADA,No,No,952061640,,POINT (-4.449235001244216 36.71871411088464),No,82
da_desfibriladores.fid--3b3f458b_19e3a8482f8_-1eb0,6220671,,,,,,,-1,0,-1,,,14244,DEA_705,Centro Servicios Sociales BAILEN-MIRAFLORES,"CALLE TEJARES, 50",,jbuforn@malaga.eu// css4@malaga.eu,,L-V 9:00 a 14:00 h.,,MUNICIPAL,No,No,951927648,,POINT (-4.437392817363312 36.728517047125756),No,82
da_desfibriladores.fid--3b3f458b_19e3a8482f8_-1eaf,6220672,,,,,,,-1,0,-1,,,14124,DEA_692,METRO. Estación Atarazanas,"ALAMEDA PRINCIPAL, 18",,j.ocana@metromalaga.es,,lunes a jueves 06:30-23:15. Viernes 06:30-01:45.Sábado 07:00-01:45. Domingo y festivos 07:00-23:15,,PRIVADA,No,No,951061641,,POINT (-4.423421469925243 36.7177011525602),No,82
da_desfibriladores.fid--3b3f458b_19e3a8482f8_-1eae,6220673,,,,,,,-1,0,-1,,,7245,DEA_226,Centro Social de Mayores Cortijillo Bazán (Pasillo a la derecha),"CALLE SÁNCHEZ ALBARRÁN, 9",,maykalopezalonso56@gmail.com,,"L a J 10:00 a 13:00 y 17:00 a 20:00 h.
V 10:00 a 13:00 h.",,MUNICIPAL,No,No,630551487,,POINT (-4.4204412666004975 36.74690804171983),No,82
da_desfibriladores.fid--3b3f458b_19e3a8482f8_-1ead,6220674,,,,,,,-1,0,-1,,,10364,DEA_270,EMT Centro de Atención al Cliente -,"ALAMEDA PRINCIPAL, 47",,mantenimiento@cordis-group.com,,L a V 09:00 a 13:30 y de 17:00 a 19:00.,,PRIVADA,No,No,,,POINT (-4.424649573647951 36.71676863811712),No,82
da_desfibriladores.fid--3b3f458b_19e3a8482f8_-1eac,6220675,,,,,,,-1,0,-1,,,80457,DEA_824,CEIP VICENTE ALEIXANDRE (CENTESIMAL),"CAMINO DE LA TÉRMICA, 25",,areainnovacion@malaga.eu,,7.00 a 18.00h,,PRIVADA,No,No,951927975,,POINT (-4.446893224701252 36.688225432088494),No,79
da_desfibriladores.fid--3b3f458b_19e3a8482f8_-1eab,6220676,,,,,,,-1,0,-1,,,12865,DEA_374,ASOCIACIÓN DE VECINOS VICTORIANA CAPUCHINOS Y DE LA FUENTE,"PLAZA DEL PATROCINIO, 6",,presidencia-asociacionvictoriana@hotmail.com,,L a V 17:00 a 19:30 h.,,MUNICIPAL,No,No,687834350,,POINT (-4.418738851953908 36.73339490778819),No,82
da_desfibriladores.fid--3b3f458b_19e3a8482f8_-1eaa,6220677,,,,,,,-1,0,-1,,,11707,DEA_369,CENTRO CIUDADANOS GIRON,"GLORIETA DEL ESCULTOR ANTONIO LEIVA JIMÉNEZ, 1",,ritaprad@msn.com,,L a V 7:00 a 20:00 h.,,MUNICIPAL,No,No,660545984,,POINT (-4.44516112800686 36.698777208837214),No,82
da_desfibriladores.fid--3b3f458b_19e3a8482f8_-1ea9,6220678,,,,,,,-1,0,-1,,,79856,DEA_791,Asociación Deportiva Club Tenis de Mesa,"CALLE ALCALDE JOSÉ HERNÁNDEZ, 4",,edu@juntadeandalucia.es,,L-V 8.30 a 14.20  y X 18.00 a 20.30,,MUNICIPAL,No,No,,,POINT (-4.420358646885324 36.746182064672325),No,82
da_desfibriladores.fid--3b3f458b_19e3a8482f8_-1ea8,6220679,,,,,,,-1,0,-1,,,14464,DEA_728,PABELLON MUNICIPAL DE BALONMANO PUERTO DE LA TORRE,"CALLE LOPE DE RUEDA, 162",,fjcintas@malaga.eu,,"L a S de 09:00 a 22:00 h.
D de 10:00 a 14:00 h.",,MUNICIPAL,No,No,,,POINT (-4.482926556435536 36.74021647808058),No,82
da_desfibriladores.fid--3b3f458b_19e3a8482f8_-1ea7,6220680,,,,,,,-1,0,-1,,,14266,DEA_708,POLICIA LOCAL TERRITORIALCAMPANILLAS,"CALLE CRISTOBALINA FERNÁNDEZ, 17",,famartin@malaga.eu,,24 h.,,MUNICIPAL,No,No,638127915,,POINT (-4.536400735773984 36.72265278725661),Si,92
da_desfibriladores.fid--3b3f458b_19e3a8482f8_-1ea6,6220681,,,,,,,-1,0,-1,,,7324,DEA_235,C. Deportivo Inacua Raqueta (Recepción),"CALLE MARILYN MONROE, 8",,udmortadelo@hotmail.com,,"L a V 9:00 A 23:00
  S 9:00 A 20:00
  D 9:00 A 15:00
",,PRIVADA,No,No,952000507,,POINT (-4.454638534180153 36.680363998472934),No,82
da_desfibriladores.fid--3b3f458b_19e3a8482f8_-1ea5,6220682,,,,,,,-1,0,-1,,,7329,DEA_236,C. Deportivo Inacua Málaga (Recepción ),"CALLE MARILYN MONROE, 8",,guidoiglesias@ferrovial.com,,"L a V DE 7:00 A 23:00
  SDE 9:00 A 20:00
  D DE 9:00 A 15:00
",,PRIVADA,No,No,952000507,,POINT (-4.454857313237098 36.68087012073499),No,82
da_desfibriladores.fid--3b3f458b_19e3a8482f8_-1ea4,6220683,,,,,,,-1,0,-1,,,11805,DEA_392,TOTEM ( Plaza de Felix Saenz),"PLAZA DE FÉLIX SÁENZ, 1",,jtoscano@malaga.eu,,24 h.,,MUNICIPAL,No,No,,,POINT (-4.423160572122231 36.71903071644241),Si,92
da_desfibriladores.fid--3b3f458b_19e3a8482f8_-1ea3,6220684,,,,,,,-1,0,-1,,,12324,DEA_425,"TOTEM (Avda. Ntra. Sra. de las Guías,2)","AVENIDA DE NUESTRA SEÑORA DE LAS GUÍAS, 2",,jtoscano@malaga.eu,,24 h.,,MUNICIPAL,No,No,,,POINT (-4.421433490202208 36.737773488295524),Si,92
da_desfibriladores.fid--3b3f458b_19e3a8482f8_-1ea2,6220685,,,,,,,-1,0,-1,,,3943,DEA_585,EDUCACIÓN CE Diocesano Cardenal Herrera Oria (Frente secretaría),"PASAJE DE LOS ALMENDRALES, 6",,relacionesexternas@fundacionvictoria.edu.es,,L a V 09:15 a 13:450 (periodo lectivo),,PRIVADA,No,No,952251041,,POINT (-4.409633308472584 36.73461012095057),No,82
da_desfibriladores.fid--3b3f458b_19e3a8482f8_-1ea1,6220686,,,,,,,-1,0,-1,,,13052,DEA_481,RESIDENCIA ESCOLAR LA ROSALEDA (Entrando a la derecha),"AVENIDA DE LUIS BUÑUEL, 8",,29700448.edu@juntadeandalucia.es,,24 H.,,PRIVADA,No,No,951882444,,POINT (-4.4286966557609615 36.73324045064206),Si,92
da_desfibriladores.fid--3b3f458b_19e3a8482f8_-1ea0,6220687,,,,,,,-1,0,-1,,,13504,DEA_505,EDUCACION IES LA ROSALEDA(junto a la Conserjería),"AVENIDA DE LUIS BUÑUEL, 8",,director@ieslarosaleda.com,,L a V 08:00-14:30 y 16:00-22:00 h.,,PRIVADA,No,No,952640035,,POINT (-4.430032945797221 36.73379678980496),No,82
da_desfibriladores.fid--3b3f458b_19e3a8482f8_-1e9f,6220688,,,,,,,-1,0,-1,,,3986,DEA_554,METRO Estación Princesa-Huelin (Vestíbulo),"CALLE HÉROE DE SOSTOA, 142",,j.ocana@metromalaga.es,,"Lunes a Jueves: 06:30-23:15
Viernes: 06:30-1:45
Sábado: 07:00-01:45
Domingo y festivos: 07:00-23:15
Horarios especiales Navidad, Semana Santa y Feria. Consultar oficina Att. Cliente: 902112233",,PRIVADA,No,No,952061641,,POINT (-4.440499839822423 36.70422571930746),No,82
da_desfibriladores.fid--3b3f458b_19e3a8482f8_-1e9e,6220689,,,,,,,-1,0,-1,,,74514,DEA_761,"TOTEM (Poeta Bernardo de la Torre,2)","CALLE POETA BERNARDO DE LA TORRE, 2",,jtoscano@malaga.eu,,24 H.,,MUNICIPAL,No,No,682760873,,POINT (-4.462300047013094 36.703599647607845),Si,92
da_desfibriladores.fid--3b3f458b_19e3a8482f8_-1e9d,6220690,,,,,,,-1,0,-1,,,80044,DEA_800,TOTEM CALLE LA ERA,"CALLE LA ERA, 24",,jtoscano@malaga.eu,,24h,,MUNICIPAL,No,No,,,POINT (-4.403094577870681 36.733021756405066),No,82
da_desfibriladores.fid--3b3f458b_19e3a8482f8_-1e9c,6220691,,,,,,,-1,0,-1,,,3963,DEA_543,CENTRO SOCIAL La Noria (conserjería),"AVENIDA DEL ARROYO DE LOS ÁNGELES, 50",,fjmanzano@malaga.es,,24 HORAS,,Provincial,No,No,952069720,,POINT (-4.431266450442265 36.728885058909896),No,82
da_desfibriladores.fid--3b3f458b_19e3a8482f8_-1e9b,6220692,,,,,,,-1,0,-1,,,10744,DEA_647,ASOCIACIÓN CAIT AMAPPACE Málaga Este (Entrando izquierda),"CALLE JONÁS, 2",,caitmalagaeste@amappace.es,,"L-J 7:45 a 20:30
V 7:45 a 15:15 
",,PRIVADA,No,No,952274103,,POINT (-4.416916750600145 36.73168611712378),No,82
da_desfibriladores.fid--3b3f458b_19e3a8482f8_-1e9a,6220693,,,,,,,-1,0,-1,,,7088,DEA_685,"UMA CENTRO INTERNACIONAL DE ESPAÑOL. Entrando al edificio, a la izquierda, al lado de Conserjería.","AVENIDA DE LA ESTACIÓN DE EL PALO, 4",,,,"Días lectivos de 08:00h a 21:00h
Del 10 de julio, de 08:00 a 15:00 horas. Todos los centros y edificios de la UMA permanecerán cerrados en Navidad, Semana Santa y, las 3 primeras semanas de agosto",,UMA,No,No,951952737,,POINT (-4.361494385824834 36.72064332477143),No,82
da_desfibriladores.fid--3b3f458b_19e3a8482f8_-1e99,6220694,,,,,,,-1,0,-1,,,11584,DEA_334,CME - RECEPCION (A LA IZQUIERDA),"CALLE LA ERA, 13",,cgabani@malaga.eu,,24 h.,,MUNICIPAL,No,No,952419011,,POINT (-4.399872005439179 36.733697617220805),Si,92
da_desfibriladores.fid--3b3f458b_19e3a8482f8_-1e98,6220695,,,,,,,-1,0,-1,,,80459,DEA_825,CENTRO USOS MÚLTIPLES EL LIMONAR,"CALLE LA ERA, 17",,evgarcia@malaga.eu,,L-V 9:00-21:00H,,MUNICIPAL,No,No,,,POINT (-4.401428515106001 36.73363626298335),No,82
da_desfibriladores.fid--3b3f458b_19e3a8482f8_-1e97,6220696,,,,,,,-1,0,-1,,,8426,DEA_616,EMPRESA CD FiliPinos del Limonar (att. al cliente - Entrada),"CALLE LA ERA, 27",,asesoria@mediosacuaticos.com,,"L A V 9 a 22 h
S, D y FESTIVOS 10 a 21 h",,PRIVADA,No,No,952600124,,POINT (-4.40371697309017 36.73273752750385),No,82
da_desfibriladores.fid--3b3f458b_19e3a8482f8_-1e96,6220697,,,,,,,-1,0,-1,,,65525,DEA_733,FACULTAD DE PSICOLOGÍA Y LOGOPEDIA( Universidad de Málaga),"CALLE DOCTOR ORTIZ RAMOS, 12",,prevencion@uma.es,,De 08:00 a 21:00 h. En horario lectivo.,,PRIVADA,No,No,951510440,,POINT (-4.498051604700045 36.71613051239788),No,82
da_desfibriladores.fid--3b3f458b_19e3a8482f8_-1e95,6220698,,,,,,,-1,0,-1,,,14366,DEA_719,BIBLIOTECA EMILIO PRADOS,"CALLE ALMERÍA, 43",,mpmenoyo@malaga.eu,,"L a V 09:30-14:00
M y J 16:30-20:30",,MUNICIPAL,No,No,951926102,,POINT (-4.356356020208336 36.720715353084564),No,82
da_desfibriladores.fid--3b3f458b_19e3a8482f8_-1e94,6220699,,,,,,,-1,0,-1,,,80041,DEA_796,TOTEM MARMOLES,"CALLE MÁRMOLES, 45",,jtoscano@malaga.eu,,24H,,MUNICIPAL,No,No,,,POINT (-4.431036830206548 36.721436840907934),Si,92
da_desfibriladores.fid--3b3f458b_19e3a8482f8_-1e93,6220700,,,,,,,-1,0,-1,,,11946,DEA_357,CAMPO DE FÚTBOL (San Julián),"CALLE RIMSKY KORSAKOV, 9",,sanjulianclub@gmail.com,,DE LUNES A VIERNES DE 16.00 A 22:00 H; SÁBADOS Y DOMINGOS DE 9:00 A 21:00 H,,MUNICIPAL,No,No,617776394,,POINT (-4.4784645196169945 36.66455799354344),No,82
da_desfibriladores.fid--3b3f458b_19e3a8482f8_-1e92,6220701,,,,,,,-1,0,-1,,,80088,DEA_809,CENTRO FORMACIÓN E INCUBACIÓN PTA (CENTESIMAL),"CALLE FREDERICK TERMAN, 3",,areainnovacion@malaga.eu,,09:00-14:00h (L-V no festivos),,PRIVADA,No,No,,,POINT (-4.554199237530898 36.74029967806141),No,73
da_desfibriladores.fid--3b3f458b_19e3a8482f8_-1e91,6220702,,,,,,,-1,0,-1,,,7136,DEA_209,Centro Ciudadano Parque Mediterráneo (Hall),"CALLE FRANCISCO JIMÉNEZ LOMAS, 6",,avparquemediterraneo@gmail.com,,L a V de 9:00 a 13:30 horas y de 17:00 a 20:00 horas.,,MUNICIPAL,No,No,606579009,,POINT (-4.444387957734877 36.6944742847326),No,82
da_desfibriladores.fid--3b3f458b_19e3a8482f8_-1e90,6220703,,,,,,,-1,0,-1,,,3947,DEA_578,EDUCACIÓN CE Diocesano Santa Rosa de Lima (Conserjeria),"CALLE ARGÉNTEA, 3",,relacionesexternas@fundacionvictoria.edu.es,,L  V de 8:30 a 15:00h ( periodo escolar),,PRIVADA,No,No,952307000,,POINT (-4.445488667223549 36.721240057032254),No,82
da_desfibriladores.fid--3b3f458b_19e3a8482f8_-1e8f,6220704,,,,,,,-1,0,-1,,,79065,DEA_784,EMPRESA ENJOY WELLNES,"CALLE ARGÉNTEA, 13",,alejandro.barrios@enjoy.es,,"L a V: 7:00 a 23:00 S y D: 9:00 a 21:00 Festivos: 9:00 a 15:00
",,PRIVADA,No,No,,,POINT (-4.4450145758558275 36.72118785460617),No,82
da_desfibriladores.fid--3b3f458b_19e3a8482f8_-1e8e,6220705,,,,,,,-1,0,-1,,,12704,DEA_458,"TOTEM (Plaza Monseñor Bocanegra,7)","PLAZA DE MONSEÑOR BOCANEGRA, 7",,jtoscano@malaga.eu,,24 h.,,MUNICIPAL,No,No,682760873,,POINT (-4.439871795753325 36.7302289905994),Si,92
da_desfibriladores.fid--3b3f458b_19e3a8482f8_-1e8d,6220706,,,,,,,-1,0,-1,,,3627,DEA_077,ÁREA Gerencia de Urbanismo (Entrada junto al Registro),"PASEO DE ANTONIO MACHADO, 24",,tsalado@malaga.eu,,L  a V 8:00 a 20:00h.,,MUNICIPAL,No,No,689318854,,POINT (-4.428395207884874 36.70905612335162),No,82
da_desfibriladores.fid--3b3f458b_19e3a8482f8_-1e8c,6220707,,,,,,,-1,0,-1,,,7036,DEA_677,UMA I + D y Biblioteca de Ciencias (Entrada entre el mostrador atención y ascensor),"CALLE DE JIMÉNEZ FRAUD, 2",,,,08:00 a 21:00 horario lectivo,,OTRAS,No,No,952131988,,POINT (-4.473123628725903 36.714694386221815),No,82
da_desfibriladores.fid--3b3f458b_19e3a8482f8_-1e8b,6220708,,,,,,,-1,0,-1,,,6662,DEA_193,TOTEM (C/ Atarazanas junto Mercado),"CALLE ATARAZANAS, 13",,jtoscano@malaga.eu,,24 horas,,MUNICIPAL,No,No,,,POINT (-4.424241453698398 36.71815336127617),Si,92
da_desfibriladores.fid--3b3f458b_19e3a8482f8_-1e8a,6220709,,,,,,,-1,0,-1,,,7846,DEA_240,TOTEM (Paseo de Antonio Machado frente a la playa),"PASEO DE ANTONIO MACHADO, 18",,jtoscano@malaga.eu,,24H,,MUNICIPAL,No,No,,,POINT (-4.427841210471033 36.70913811612324),Si,92
da_desfibriladores.fid--3b3f458b_19e3a8482f8_-1e89,6220710,,,,,,,-1,0,-1,,,80138,DEA_812,HOTEL ATARAZANAS (CENTESIMAL),"CALLE ATARAZANAS, 19",,areainnovacion@malaga.eu,,24h,,PRIVADA,No,No,952121910,,POINT (-4.424617656799264 36.717848010001255),Si,95
da_desfibriladores.fid--3b3f458b_19e3a8482f8_-1e88,6220711,,,,,,,-1,0,-1,,,14226,DEA_701,BIBLIOTECA  JOSE MORENO VILLA,"CALLE DEL MAESTRO VERT, 21",,mgfernandez@malaga.eu,,"L-V  09:00-21:00h
S 09:00 a 14:00",,MUNICIPAL,No,No,951926177,,POINT (-4.501540141185812 36.66568871609695),No,82
da_desfibriladores.fid--3b3f458b_19e3a8482f8_-1e87,6220712,,,,,,,-1,0,-1,,,4244,DEA_527,CENTRO DE SALUD La Roca,"CALLE DE MÁXIMO GORKY, 4",,direccion.d.malaga.sspa@juntadeandalucia.es,,L a V de 8 a 20 h,,AUTONOMICA,No,No,951924972,,POINT (-4.434137704712808 36.73550307832198),No,82
da_desfibriladores.fid--3b3f458b_19e3a8482f8_-1e86,6220713,,,,,,,-1,0,-1,,,3622,DEA_072,ÁREA Centro  Municipal de Acogida (En la entrada),"CALLE DONOSO CORTÉS, 2",,rmmartin@malaga.eu,,De lunes a domingos las 24 h.,,MUNICIPAL,No,No,951926064,,POINT (-4.430208002013114 36.70844356799417),No,82
da_desfibriladores.fid--3b3f458b_19e3a8482f8_-1e85,6220714,,,,,,,-1,0,-1,,,11944,DEA_395,CENTRO MUNICIPAL DE ATENCIÓN A LA FAMILIA,"CALLE DONOSO CORTÉS, 4",,mgaranda@malaga.eu,,De 8:00 a 15:00 H,,MUNICIPAL,No,No,,,POINT (-4.429883297298657 36.70876615871113),No,82
da_desfibriladores.fid--3b3f458b_19e3a8482f8_-1e84,6220715,,,,,,,-1,0,-1,,,14269,DEA_711,BIBLIOTECA MARIA ZAMBRANO,"CALLE GUADALETE, 6",,rgrubio@malaga.eu//biblio.lzambrano@malaga.eu,,"INV. L-V 09:30 a 14:00 
L y X 16:30 a 20:30 h.
",,MUNICIPAL,No,No,951926107,,POINT (-4.437624617419349 36.70152743763769),No,82
da_desfibriladores.fid--3b3f458b_19e3a8482f8_-1e83,6220716,,,,,,,-1,0,-1,,,4201,DEA_529,CENTRO DE SALUD Alameda-Perchel (Plnnta Baja-Consulta Técnica),"AVENIDA DE MANUEL AGUSTÍN HEREDIA, 34",,direccion.d.malaga.sspa@juntadeandalucia.es,,8 a 20 h de Lunes a Viernes,,AUTONOMICA,No,No,951299432,,POINT (-4.42524298467347 36.7122332330286),No,82
da_desfibriladores.fid--3b3f458b_19e3a8482f8_-1e82,6220717,,,,,,,-1,0,-1,,,4262,DEA_587,EMPRESA ANP Servicio de Prevencion Ajeno,"PASEO MARÍTIMO ANTONIO BANDERAS, 4",,juanluis.cebrian@grupoanp.es,,L a V: 8:00-15:00,,PRIVADA,No,No,952311909,,POINT (-4.436687979413395 36.69849946112536),No,82
da_desfibriladores.fid--3b3f458b_19e3a8482f8_-1e81,6220718,,,,,,,-1,0,-1,,,8711,DEA_257,"TOTEM (Paseo Marítimo Antonio Banderas, 4)","PASEO MARÍTIMO ANTONIO BANDERAS, 4",,jtoscano@malaga.eu,,24H.,,MUNICIPAL,No,No,,,POINT (-4.4364573338062625 36.698413205477195),Si,92
da_desfibriladores.fid--3b3f458b_19e3a8482f8_-1e80,6220719,,,,,,,-1,0,-1,,,14270,DEA_712,PARKING CRUZ DE HUMILLADERO,"AVENIDA DE JOSÉ ORTEGA Y GASSET, 1",,jmcano@smassa.es,,08:00-22:00,,MUNICIPAL,No,No,951313811,,POINT (-4.441640879806195 36.71199042965275),No,82
da_desfibriladores.fid--3b3f458b_19e3a8482f8_-1e7f,6220720,,,,,,,-1,0,-1,,,7087,DEA_684,UMA EDIF. SERVICIOS MÚLTIPLES. Al lado de conserjería.,"CALLE EJIDO, 1",,,,"Días lectivos de 08:00h a 21:00h
Del 10 de julio, de 08:00 a 15:00 horas. Todos los centros y edificios de la UMA permanecerán cerrados en Navidad, Semana Santa y, las 3 primeras semanas de agosto",,UMA,No,No,952131001,,POINT (-4.418161970098923 36.72746496428721),No,82
da_desfibriladores.fid--3b3f458b_19e3a8482f8_-1e7e,6220721,,,,,,,-1,0,-1,,,7086,DEA_683,UMA PABELLÓN DE GOBIERNO. Al lado de Conserjería.,"CALLE EJIDO, 2",,,,"Días lectivos de 08:00h a 21:00h
Del 10 de julio, de 08:00 a 15:00 horas. Todos los centros y edificios de la UMA permanecerán cerrados en Navidad, Semana Santa y, las 3 primeras semanas de agosto",,UMA,No,No,952131001,,POINT (-4.416613428348824 36.72735990586743),No,82
da_desfibriladores.fid--3b3f458b_19e3a8482f8_-1e7d,6220722,,,,,,,-1,0,-1,,,7085,DEA_682,"UMA PABELLON DE Gº. ADJ. Entrando a la derecha, al principio del pasillo.","CALLE EJIDO, 8",,,,"Días lectivos de 08:00h a 21:00h
Del 10 de julio, de 08:00 a 15:00 horas. Todos los centros y edificios de la UMA permanecerán cerrados en Navidad, Semana Santa y, las 3 primeras semanas de agosto",,UMA,No,No,952131001,,POINT (-4.41797054733923 36.728546663209215),No,82
da_desfibriladores.fid--3b3f458b_19e3a8482f8_-1e7c,6220723,,,,,,,-1,0,-1,,,4245,DEA_538,CENTRO DE SALUD Huelin (consulta 15),"CALLE DEL PINTOR DE LA FUENTE GRIMA, 1",,direccion.d.malaga.sspa@juntadeandalucia.es,,L a V de 8 a 20 h,,AUTONOMICA,No,No,951308101,,POINT (-4.4344549436613985 36.705090208539694),No,82
da_desfibriladores.fid--3b3f458b_19e3a8482f8_-1e7b,6220724,,,,,,,-1,0,-1,,,79091,DEA_786,EMPRESA ASISA DENTAL II,"AVENIDA DEL COMANDANTE BENÍTEZ, 7",,mantenimiento.dental@asisadental.com,,9.00 a 14.000 y 15.30 a 20.30,,PRIVADA,No,No,,,POINT (-4.425467686433845 36.71501700972948),No,82
da_desfibriladores.fid--3b3f458b_19e3a8482f8_-1e7a,6220725,,,,,,,-1,0,-1,,,3630,DEA_080,"Centro Servicios Sociales Carretera Cádiz( plt baja, a la izquierda)","AVENIDA DE ISAAC PERAL, 23",,css7@malaga.eu,,L a  V: 7:00 - 16:00,,MUNICIPAL,No,No,951926147,,POINT (-4.45642634246893 36.695216762264145),No,83
da_desfibriladores.fid--3b3f458b_19e3a8482f8_-1e79,6220726,,,,,,,-1,0,-1,,,4123,DEA_188,C. DEPORTIVO Tiro Pichón (recepción),"CALLE CORREGIDOR PEDRO ZAPATA, 5",,areadeporte@malaga.eu,,"L a D : 08:00-14:00h / 16:30-23:00 h
",,MUNICIPAL,No,No,951929201,,POINT (-4.45281027175655 36.71115103838664),No,82
da_desfibriladores.fid--3b3f458b_19e3a8482f8_-1e78,6220727,,,,,,,-1,0,-1,,,80043,DEA_798,TOTEM MANUEL AGUSTIN HEREDIA,"AVENIDA DE MANUEL AGUSTÍN HEREDIA, 26",,jtoscano@malaga.eu,,24H,,MUNICIPAL,No,No,,,POINT (-4.423868078657722 36.713630891506654),Si,92
da_desfibriladores.fid--3b3f458b_19e3a8482f8_-1e77,6220728,,,,,,,-1,0,-1,,,3517,DEA_658,UMA Facultad de Ciencias Económicas y Empresariales (Entrada),"CALLE EJIDO, 6",,,,"L-M-X-J-V de 8 a 21 h.
S de 8 a 14 h.",,UMA,No,No,952131150,,POINT (-4.417906827754712 36.72790728127626),No,82
da_desfibriladores.fid--3b3f458b_19e3a8482f8_-1e76,6220729,,,,,,,-1,0,-1,,,80435,DEA_818,CEIP MANUEL DE FALLA (CENTESIMAL),"CALLE BOCANEGRA, 3",,areainnovacion@malaga.eu,,7:00-18:00 (L-V),,PRIVADA,No,No,951298319,,POINT (-4.4458606479321965 36.701872455809),No,83
da_desfibriladores.fid--3b3f458b_19e3a8482f8_-1e75,6220730,,,,,,,-1,0,-1,,,4224,DEA_532,CENTRO DE SALUD Carlinda ( consulta 3),"CALLE ALCALDE JOSÉ LUIS ESTRADA, 16",,direccion.d.malaga.sspa@juntadeandalucia.es,,L a V de 8 a 20 h,,AUTONOMICA,No,No,951924281,,POINT (-4.4475615441535545 36.731109290894125),No,82
da_desfibriladores.fid--3b3f458b_19e3a8482f8_-1e74,6220731,,,,,,,-1,0,-1,,,4023,DEA_568,"EMPRESA Coysema Abogados (1ªplt, oficina 5, pasillo)","ALAMEDA DE COLÓN, 15",,info@coysema.com,,"- L-J :9:30 A 14:00 y 16:30 a 19:00
- Viernes: 9.30 A 14:00
",,PRIVADA,No,No,951251267,,POINT (-4.424271891689143 36.71449591036636),No,82
da_desfibriladores.fid--3b3f458b_19e3a8482f8_-1e73,6220732,,,,,,,-1,0,-1,,,14287,DEA_717,PARKING EL PALO,"CALLE ALONSO CARRILLO DE ALBORNOZ, 3",,jmcano@smassa.es,,08:00-22:00,,MUNICIPAL,No,No,982760873,,POINT (-4.360845920806656 36.72080892760546),No,82
da_desfibriladores.fid--3b3f458b_19e3a8482f8_-1e72,6220733,,,,,,,-1,0,-1,,,14064,DEA_691,MERCADO DEL PALO (Puerta de entrada por Juan Sebastian el Cano),"CALLE ALONSO CARRILLO DE ALBORNOZ, 5",,mnaranjo@malaga.eu,,L a S 8:00 a 15:00h.,,MUNICIPAL,No,No,690366106,,POINT (-4.3608734144583785 36.720623760816),No,82
da_desfibriladores.fid--3b3f458b_19e3a8482f8_-1e71,6220734,,,,,,,-1,0,-1,,,6661,DEA_192,TOTEM ( C/ Molina Larios / Plaza del Obispo),"CALLE MOLINA LARIO, 9",,jtoscano@malaga.eu,,24 horas,,MUNICIPAL,No,No,,,POINT (-4.420110841155264 36.719955009135234),Si,92
da_desfibriladores.fid--3b3f458b_19e3a8482f8_-1e70,6220735,,,,,,,-1,0,-1,,,6984,DEA_204,HOTEL AC Hotel Málaga Palacios (Recepción),"CALLE CORTINA DEL MUELLE, 1",,MPALACIO@AC-HOTELS.COM,,24 HORAS,,PRIVADA,No,No,952215185,,POINT (-4.4197108401944085 36.7190599777922),Si,92
da_desfibriladores.fid--3b3f458b_19e3a8482f8_-1e6f,6220736,,,,,,,-1,0,-1,,,3180,DEA_007,Centro Servicios Sociales Palma-Palmilla ( recepcion),"CALLE ALONSO CRUZADO, 4",,css5@malaga.eu,,L-M-X-J-V  8:00 a 15:00 h,,MUNICIPAL,No,No,951926075,,POINT (-4.42762727805724 36.74271578305452),No,82
da_desfibriladores.fid--3b3f458b_19e3a8482f8_-1e6e,6220737,,,,,,,-1,0,-1,,,4021,DEA_566,ASOCIACIÓN Teléfono de la Esperanza (entrada),"CALLE HURTADO DE MENDOZA, 3",,malaga@telefonodelaesperanza.org,,24 horas.,,PRIVADA,No,No,952652651,,POINT (-4.412355609583693 36.727429203003815),No,82
da_desfibriladores.fid--3b3f458b_19e3a8482f8_-1e6d,6220738,,,,,,,-1,0,-1,,,12526,DEA_356,BOMBEROS (Parque Churriana) (R4-9824 CTG),"CALLE ESCRITORA CARMEN BRAVO-VILLASANTE, 1",,scgalvez@malaga.eu,,24 H.,,MUNICIPAL,No,No,951928987,,POINT (-4.510607529803788 36.66659357574876),Si,92
da_desfibriladores.fid--3b3f458b_19e3a8482f8_-1e6c,6220739,,,,,,,-1,0,-1,,,10704,DEA_646,EDUCACIÓN Piscina Fundación Victoria( junto a recepción),"CALLE OCTAVIO PICÓN, 19",,piscina@fundacionvictoria.edu.es,,"L-V 8.00 a 22.00h
S-D 9:00 a 14:00h
Festivos cerrado",,PRIVADA,No,No,951956923,,POINT (-4.368013199180028 36.72462473461034),No,82
da_desfibriladores.fid--3b3f458b_19e3a8482f8_-1e6b,6220740,,,,,,,-1,0,-1,,,13045,DEA_474,COMUNIDAD DE PROPIETARIOS SANTA ANA,"CALLE AMADOR DE LOS RÍOS, 27",,eduardo.rosell@hotmail.,,24 h.,,PRIVADA,No,No,696369184,,POINT (-4.369399381704199 36.72639172459114),No,82
da_desfibriladores.fid--3b3f458b_19e3a8482f8_-1e6a,6220741,,,,,,,-1,0,-1,,,80442,DEA_823,ESTACIÓN AUTOBUSES MUELLE HEREDIA (CENTESIMAL),"AVENIDA DE MANUEL AGUSTÍN HEREDIA, 1",,areainnovacion@malaga.eu,,24H,,PRIVADA,No,No,952213386,,POINT (-4.421197637230511 36.71575019427336),Si,25
da_desfibriladores.fid--3b3f458b_19e3a8482f8_-1e69,6220742,,,,,,,-1,0,-1,,,4246,DEA_539,CENTRO DE SALUD Churriana (consulta nº2 plt baja),"CALLE ENRIQUE VAN DULKEN, 18",,direccion.d.malaga.sspa@juntadeandalucia.es,,L a V de 8 a 20 h,,AUTONOMICA,No,No,951308818,,POINT (-4.498513298995336 36.66511838210564),No,82
da_desfibriladores.fid--3b3f458b_19e3a8482f8_-1e68,6220743,,,,,,,-1,0,-1,,,74512,DEA_759,"TOTEM (C/ Lorenza Correa, 48)","CALLE LORENZA CORREA, 48",,jtoscano@malaga.eu,,24 h.,,MUNICIPAL,No,No,682760873,,POINT (-4.422627867436405 36.73992372167266),Si,92
da_desfibriladores.fid--3b3f458b_19e3a8482f8_-1e67,6220744,,,,,,,-1,0,-1,,,12945,DEA_448,EDUCACION CDP Sagrada Familia - El Monte,"CALLE FERRÁNDIZ, 54",,dirgeneral.malaga@fesd.es,,LUNES A VIERNES DE 8:00 A 17:00H (cubre actividades extraescolares),,PRIVADA,No,No,,,POINT (-4.408540308151896 36.72713733969306),No,82
da_desfibriladores.fid--3b3f458b_19e3a8482f8_-1e66,6220745,,,,,,,-1,0,-1,,,74172,DEA_753,EDUCACION CEIP LA ASUNCION,"CALLE MANUEL DE PALACIO, 15",,,,SEPTIEMBRE A JULIO (8:00-20:00),,PRIVADA,No,No,952290150,,POINT (-4.3710945352993065 36.72550946076455),No,82
da_desfibriladores.fid--3b3f458b_19e3a8482f8_-1e65,6220746,,,,,,,-1,0,-1,,,74171,DEA_752,EDUCACION COLEGIO LA ASUNCIÓN (ASOC DEPORTIVA LA ASUNCION),"CALLE MANUEL DE PALACIO, 15",,,,L-V 16:30-21:00,,PRIVADA,No,No,,,POINT (-4.371399290220658 36.72531969702203),No,82
da_desfibriladores.fid--3b3f458b_19e3a8482f8_-1e64,6220747,,,,,,,-1,0,-1,,,3922,DEA_581,EDUCACIÓN CE Diocesano La Presentación. (Recepción),"CALLE OCTAVIO PICÓN, 21",,relacionesexternas@fundacionvictoria.edu.es,,L a V 7:30 - 15:30 (Periodo lectivo),,PRIVADA,No,No,952290540,,POINT (-4.368299705495546 36.724592743725545),No,82
da_desfibriladores.fid--3b3f458b_19e3a8482f8_-1e63,6220748,,,,,,,-1,0,-1,,,13727,DEA_511,SERVICIOS OPERATIVOS CHURRIANA,"CALLE PORTALES DE LAS CARMELITAS, 1",,DNAVAS@MALAGA.EU,,L a V 7:30 a 15:00 h.,,MUNICIPAL,No,No,649964684,,POINT (-4.502084289499201 36.670022366592015),No,82
da_desfibriladores.fid--3b3f458b_19e3a8482f8_-1e62,6220749,,,,,,,-1,0,-1,,,74510,DEA_757,"PARKING PIO BAROJA (fuera de recepción, a la derecha)","AVENIDA DE PÍO BAROJA, 5",,jmcano@smassa.es,,08:00-22:00h,,MUNICIPAL,No,No,,,POINT (-4.36485355452537 36.72054387138522),No,82
da_desfibriladores.fid--3b3f458b_19e3a8482f8_-1e61,6220750,,,,,,,-1,0,-1,,,80441,DEA_822,PARROQUIA SANTA Mª ESTRELLA DE LOS MARES (CENTESIMAL),"CALLE GUADALHORCE, 1",,areainnovacion@malaga.eu,,"19:00-21:00 (L-V), 11:30-12:30 Y 20:00-21:00 (S-D-FESTIVOS)",,PRIVADA,No,No,952239163,,POINT (-4.464732138041816 36.669326519729225),No,84
da_desfibriladores.fid--3b3f458b_19e3a8482f8_-1e60,6220751,,,,,,,-1,0,-1,,,3941,DEA_577,EDUCACIÓN CE Diocesano San Julián (Patio),"CAMINO DE LOS CARABINEROS, 22",,relacionesexternas@fundacionvictoria.edu.es,,L  a V de 7:30 a 17:00h (periodo escolar),,PRIVADA,No,No,952241201,,POINT (-4.474238775932209 36.66638777745861),No,82
da_desfibriladores.fid--3b3f458b_19e3a8482f8_-1e5f,6220752,,,,,,,-1,0,-1,,,13724,DEA_348,"CENTRO CIUDADANOS ""EL TARAJAL"" ADACEMA","CALLE GENERACIÓN, 7",,info@adacema.org,,L a J 9:00 a 20:00 y V 9:00 a 14:00 h.,,MUNICIPAL,No,No,951900408,,POINT (-4.507996075805557 36.70532285759242),No,82
da_desfibriladores.fid--3b3f458b_19e3a8482f8_-1e5e,6220753,,,,,,,-1,0,-1,,,9785,DEA_267,"MERCAMÁLAGA (Mercado de pescados, junto a pasillo central en planta baja.)","AVENIDA DE JOSÉ ORTEGA Y GASSET, 553",,ja.garcia@mercamalaga.es,,24h (aviso a vigilante),,PRIVADA,No,No,952179054,,POINT (-4.523120301468551 36.70528353138885),Si,92
da_desfibriladores.fid--3b3f458b_19e3a8482f8_-1e5d,6220754,,,,,,,-1,0,-1,,,9786,DEA_268,"MERCAMÁLAGA (Edificio de Administración, en planta baja)","AVENIDA DE JOSÉ ORTEGA Y GASSET, 553",,ja.garcia@mercamalaga.es,,24h (aviso a vigilante),,PRIVADA,No,No,952179054,,POINT (-4.5214438491720985 36.70538447091101),Si,92
da_desfibriladores.fid--3b3f458b_19e3a8482f8_-1e5c,6220755,,,,,,,-1,0,-1,,,9787,DEA_269,MERCAMÁLAGA (MERCADO DE FRUTAS Y HORTALIZAS  junto a pasillo central planta baja),"AVENIDA DE JOSÉ ORTEGA Y GASSET, 553",,ja.garcia@mercamalaga.es,,24H (aviso al vigilante),,PRIVADA,No,No,952179054,,POINT (-4.51881756054061 36.70498236193305),Si,92
da_desfibriladores.fid--3b3f458b_19e3a8482f8_-1e5b,6220756,,,,,,,-1,0,-1,,,7184,DEA_219,Centro Ciudadano El Romeral (Pasillo principal),"CALLE ESQUILO, 29",,asociacionvecinosromeral@gmail.com,,L a V 16:00 a 20:30h.,,MUNICIPAL,No,No,,,POINT (-4.4779743669466425 36.723482196650764),No,82
da_desfibriladores.fid--3b3f458b_19e3a8482f8_-1e5a,6220757,,,,,,,-1,0,-1,,,3642,DEA_133,"Policia Local Puerto de la Torre (Entrada, a la derecha)","CALLE PLAUTO, 2",,famartin@malaga.eu,,24 horas.,,MUNICIPAL,No,No,951929400,,POINT (-4.4849308041759715 36.73635754990949),Si,92
da_desfibriladores.fid--3b3f458b_19e3a8482f8_-1e59,6220758,,,,,,,-1,0,-1,,,80083,DEA_805,PROMALAGA PÍNDOLA (AVDA Mª VICTORIA ATENCIA S/N) (CENTESIMAL),"AVENIDA MARÍA VICTORIA ATENCIA, 19",,areainnovacion@malaga.eu,,8:00-15:00H (L-V NO FESTIVOS),,PRIVADA,No,No,,,POINT (-4.48581319242871 36.72612578081312),No,69
da_desfibriladores.fid--3b3f458b_19e3a8482f8_-1e58,6220759,,,,,,,-1,0,-1,,,79639,DEA_789,TOTEM AVENIDA DE PLUTARCO,"AVENIDA DE PLUTARCO, 18",,jtoscano@malaga.eu,,24H,,MUNICIPAL,No,No,,,POINT (-4.479421717342211 36.721356096713684),No,82
da_desfibriladores.fid--3b3f458b_19e3a8482f8_-1e57,6220760,,,,,,,-1,0,-1,,,12905,DEA_446,EDUCACION CEIP PROFESOR TIERNO GALVAN (SALA PROFESORES),"CALLE ESQUILO, 4",,29011618.edu@juntadeandalucia.es,,"LUNES A VIERNES DE 7:30 A 20:00 (los días con actividades extraescolares)
",,PRIVADA,No,No,951298771,,POINT (-4.48473197180459 36.722138204739096),No,82
da_desfibriladores.fid--3b3f458b_19e3a8482f8_-1e56,6220761,,,,,,,-1,0,-1,,,3634,DEA_084,C. DEPORTIVO Estadio Atletismo Ciudad de Málaga (recepcion),"CALLE MIGUEL DE MÉRIDA NICOLICH, 2",,chernandez@malaga.eu,,08:00 a 22:30 h.,,MUNICIPAL,No,No,951928538,,POINT (-4.458689202982858 36.68043372093838),No,82
da_desfibriladores.fid--3b3f458b_19e3a8482f8_-1e55,6220762,,,,,,,-1,0,-1,,,8454,DEA_255,C. Deportivo  MARTÍN CARPENA(recepción),"CALLE MIGUEL DE MÉRIDA NICOLICH, 2",,igcamarero@malaga.eu,,"L-V 7:30 a 22:00h
S 8:00 a 22:00h",,PRIVADA,No,No,952176392,,POINT (-4.459771362608101 36.68233479901969),No,82
da_desfibriladores.fid--3b3f458b_19e3a8482f8_-1e54,6220763,,,,,,,-1,0,-1,,,12584,DEA_454,TOTEM (Avda. Plutarco),"AVENIDA DE PLUTARCO, 75",,jtoscano@malaga.eu,,24 h.,,MUNICIPAL,No,No,682760873,,POINT (-4.47439888463976 36.721187578560915),Si,92
da_desfibriladores.fid--3b3f458b_19e3a8482f8_-1e53,6220764,,,,,,,-1,0,-1,,,4001,DEA_575,Club deportivo fútbol El Romeral. Oficinas,"CALLE NAVARRO LEDESMA, 235",,clubdeportivoromeral@hotmail.com,,17:00 HORAS DE LUNES A VIERNES. DESDE LAS 09:00 SABADOS Y DOMINGOS,,PRIVADA,No,No,951931998,,POINT (-4.478382480772812 36.72423308839116),No,82
da_desfibriladores.fid--3b3f458b_19e3a8482f8_-1e52,6220765,,,,,,,-1,0,-1,,,7027,DEA_674,"UMA Aulario ""López de Peñalver"" (Junto conserjería)","CALLE DE JIMÉNEZ FRAUD, 10",,,,08:00 a 21:00 horario lectivo,,OTRAS,No,No,952132298,,POINT (-4.475774265624844 36.71798280927183),No,82
da_desfibriladores.fid--3b3f458b_19e3a8482f8_-1e51,6220766,,,,,,,-1,0,-1,,,3761,DEA_146,"Palacio de Ferias y Congresos (Pabellón 2, plt baja, junto aseos)","AVENIDA DE JOSÉ ORTEGA Y GASSET, 201",,lviedma@fycma.com,,24h.,,MUNICIPAL,No,No,636962098,,POINT (-4.460870523198522 36.705647395360806),No,82
da_desfibriladores.fid--3b3f458b_19e3a8482f8_-1e50,6220767,,,,,,,-1,0,-1,,,8346,DEA_252,EMPRESA Palacio de Ferias y Congresos FYCMA. (Pasillo central planta 5ª),"AVENIDA DE JOSÉ ORTEGA Y GASSET, 201",,info@fycma.com,,L a V 8:30 a 18:30,,PRIVADA,No,No,952045500,,POINT (-4.459135028455327 36.705137630370814),No,82
da_desfibriladores.fid--3b3f458b_19e3a8482f8_-1e4f,6220768,,,,,,,-1,0,-1,,,8348,DEA_253,EMPRESA Palacio de Ferias y Congresos de Málaga. FYCMA (Junto a Aseos 1+2  ),"AVENIDA DE JOSÉ ORTEGA Y GASSET, 201",,info@fycma.com,,L a V 08:30 a18:30,,PRIVADA,No,No,952045500,,POINT (-4.459918439976312 36.70646678602964),No,82
da_desfibriladores.fid--3b3f458b_19e3a8482f8_-1e4e,6220769,,,,,,,-1,0,-1,,,8349,DEA_254,EMPRESA Palacio de Ferias y Congresos. FYCMA (Vestíbulo de entrada),"AVENIDA DE JOSÉ ORTEGA Y GASSET, 201",,info@fycma.com,,L a V 08:30 a 18:30,,PRIVADA,No,No,952045500,,POINT (-4.4590579465431075 36.704820579490104),No,82
da_desfibriladores.fid--3b3f458b_19e3a8482f8_-1e4d,6220770,,,,,,,-1,0,-1,,,6667,DEA_198,TOTEM (Plaza de la Constitución nº9),"PLAZA DE LA CONSTITUCIÓN, 9",,jtoscano@malaga.eu,,24 horas,,MUNICIPAL,No,No,,,POINT (-4.421974100307332 36.72130995656892),Si,92
da_desfibriladores.fid--3b3f458b_19e3a8482f8_-1e4c,6220771,,,,,,,-1,0,-1,,,74507,DEA_755,"PARQUE AUXILIAR HERMANAS BRONTE (GARITA VIGILANCIA (Puesto de control de acceso, entrada
del centro)","CALLE HERMANAS BRONTË, 87",,,,"8:00h – 15:00h (8:00h – 14:00h horario de verano).
Posibilidad de acceso 24h contactando con Puesto de
Báscula. 
",,PRIVADA,No,No,664354600,,POINT (-4.4656935643843925 36.69493622181918),Si,92
da_desfibriladores.fid--3b3f458b_19e3a8482f8_-1e4b,6220772,,,,,,,-1,0,-1,,,12467,DEA_451,"TOTEM (C/ Corregidor Francisco de Molina,1)","CALLE CORREGIDOR FRANCISCO DE MOLINA, 1",,jtoscano@malaga.eu,,24 h.,,MUNICIPAL,No,No,,,POINT (-4.447969769490969 36.71367659634347),Si,92
da_desfibriladores.fid--3b3f458b_19e3a8482f8_-1e4a,6220773,,,,,,,-1,0,-1,,,12025,DEA_380,CENTRO CIUDADANO CORTIJO ALTO (entrando a la derecha),"CALLE DE QUASIMODO, 21",,franciscobollero@gmail.com,,L a V 10:00 a 12:00 y 17:30 a 20:00 h.,,MUNICIPAL,No,No,649787719,,POINT (-4.465234401312203 36.71099874388592),No,82
da_desfibriladores.fid--3b3f458b_19e3a8482f8_-1e49,6220774,,,,,,,-1,0,-1,,,4222,DEA_530,CENTRO DE SALUD Capuchinos ( consulta 3),"CALLE ACTRIZ ROSARIO PINO, 1",,direccion.d.malaga.sspa@juntadeandalucia.es,,L a V de 8 a 20 h,,AUTONOMICA,No,No,951308841,,POINT (-4.424731064496144 36.73158470522271),No,82
da_desfibriladores.fid--3b3f458b_19e3a8482f8_-1e48,6220775,,,,,,,-1,0,-1,,,13726,DEA_510,POLICIA LOCAL TERRITORIAL GIAA,"CALLE ACTRIZ ROSARIO PINO, 1",,famartin@malaga.eu,,24 H.,,MUNICIPAL,No,No,638127915,,POINT (-4.4248505653600425 36.73090522903684),Si,92
da_desfibriladores.fid--3b3f458b_19e3a8482f8_-1e47,6220776,,,,,,,-1,0,-1,,,3688,DEA_141,Jefatura de Policia El Palo (entrada a la izquierda),"AVENIDA DE SALVADOR ALLENDE, 161",,policialocaleste@malaga.eu,,24 horas.,,MUNICIPAL,No,No,951927520,,POINT (-4.353138650485963 36.71826099933952),Si,92
da_desfibriladores.fid--3b3f458b_19e3a8482f8_-1e46,6220777,,,,,,,-1,0,-1,,,4226,DEA_534,CENTRO DE SALUD Carranque- Rehabilitación ( consulta 6),"CALLE VIRGEN INMACULADA, 15",,direccion.d.malaga.sspa@juntadeandalucia.es,,L a V de 8 a 20 h,,AUTONOMICA,No,No,951308644,,POINT (-4.441792656925996 36.716991077728174),No,82
da_desfibriladores.fid--3b3f458b_19e3a8482f8_-1e45,6220778,,,,,,,-1,0,-1,,,10327,DEA_641,EMPRESA HOTEL SOHO BOUTIQUE CASTILLO DE SANTA CATALINA (recepción),"CALLE RAMOS CARRIÓN, 38",,fomcastillo@sohohoteles.com,,24h,,PRIVADA,No,No,952212700,,POINT (-4.3938956937817855 36.72532710283159),Si,92
da_desfibriladores.fid--3b3f458b_19e3a8482f8_-1e44,6220779,,,,,,,-1,0,-1,,,6828,DEA_564,METRO Estación El Cónsul,"AVENIDA DE JENOFONTE, 20",,j.ocana@metromalaga.es,,24h.,,PRIVADA,No,No,952061641,,POINT (-4.48444709709579 36.71703794468481),Si,92
da_desfibriladores.fid--3b3f458b_19e3a8482f8_-1e43,6220780,,,,,,,-1,0,-1,,,6761,DEA_603,"EMPRESA Centro Comercial Rosaleda (Planta baja,  frente a la entrada al hipermercado).","AVENIDA DE SIMÓN BOLÍVAR, 26",,gerente@ccrosaleda.com,,"L–S y festivos de apertura:  8.30h-0.00h
D: 11.00h-0.00h
",,PRIVADA,No,No,952280500,,POINT (-4.431960609705938 36.73500365198805),No,82
da_desfibriladores.fid--3b3f458b_19e3a8482f8_-1e42,6220781,,,,,,,-1,0,-1,,,4225,DEA_533,CENTRO DE SALUD Carranque- Salud Mental(entrada),"CALLE VIRGEN INMACULADA, 2",,direccion.d.malaga.sspa@juntadeandalucia.es,,L a V de 8 a 20 h,,AUTONOMICA,No,No,951924389,,POINT (-4.442576894554257 36.718305453287265),No,82
da_desfibriladores.fid--3b3f458b_19e3a8482f8_-1e41,6220782,,,,,,,-1,0,-1,,,4221,DEA_528,CENTRO DE SALUD Limonar ( Consulta 7),"CALLE REPÚBLICA ARGENTINA, 4",,direccion.d.malaga.sspa@juntadeandalucia.es,,L  a V de 8 a 20 horas,,AUTONOMICA,No,No,951308355,,POINT (-4.399302591748607 36.725991109811304),No,82
da_desfibriladores.fid--3b3f458b_19e3a8482f8_-1e40,6220783,,,,,,,-1,0,-1,,,10397,DEA_273,TOTEM (PTA - Graham Bell),"CALLE GRAHAM BELL, 6",,jtoscano@malaga.eu,,24 h.,,MUNICIPAL,No,No,,,POINT (-4.547495657749267 36.73365265850817),Si,92
da_desfibriladores.fid--3b3f458b_19e3a8482f8_-1e3f,6220784,,,,,,,-1,0,-1,,,9206,DEA_261,Parque Auxiliar Hermanas Bronte (Garita vigilancia Puesto Control acceso),"CALLE HERMANAS BRONTË, 43",,egranadosm@limpiezademalaga.es   sjimenezm@limpiezademalaga.es,,"Posibilidad de acceso 24h contactando con Puesto de Control
de Acceso.",,PRIVADA,No,No,664354600,,POINT (-4.4668808688353785 36.69509441142946),Si,92
da_desfibriladores.fid--3b3f458b_19e3a8482f8_-1e3e,6220785,,,,,,,-1,0,-1,,,79083,DEA_785,EMPRESA TECMAGLOS (recepción),"CALLE RIGOLETTO, 10",,gerente@tecmaglos.es,,7:00-15:00,,PRIVADA,No,No,,,POINT (-4.4701089982009865 36.70752927440354),No,82
da_desfibriladores.fid--3b3f458b_19e3a8482f8_-1e3d,6220786,,,,,,,-1,0,-1,,,3757,DEA_128,Promalaga (incubadora) ( en la entrada),"CALLE DE LA GITANILLA, 17",,manuelramos@promalaga.es,,L a V 8:00 a 15:00h.,,MUNICIPAL,No,No,639703346,,POINT (-4.496598835423003 36.70247562646858),No,82
da_desfibriladores.fid--3b3f458b_19e3a8482f8_-1e3c,6220787,,,,,,,-1,0,-1,,,11664,DEA_376,Centro Servicios Sociales CHURRIANA,"CALLE MAESTRO USANDIZAGA, 15",,lclaro@malaga.eu,,L a V 9:00 a 14:00h. y L a J 15:00 a 20:00h.,,MUNICIPAL,No,No,,,POINT (-4.503736557881419 36.662264764833516),No,82
da_desfibriladores.fid--3b3f458b_19e3a8482f8_-1e3b,6220788,,,,,,,-1,0,-1,,,13728,DEA_512,CENTRO CIUDADANO PLAZA MONTAÑO,"CALLE DOS ACERAS, 23",,arrabal@arrabalempleo.org,,"L a J 9:00 a 14:00 y 16:00 a 19:00 h.
V 9:00 a 14:00 h.",,MUNICIPAL,No,No,952300500,,POINT (-4.420637395521639 36.725650652324454),No,82
da_desfibriladores.fid--3b3f458b_19e3a8482f8_-1e3a,6220789,,,,,,,-1,0,-1,,,14225,DEA_700,MERCADO ATARAZANAS,"CALLE ATARAZANAS, 10",,dfcaparros@malaga.eu,,L a S de 8:00 a 15:00h.,,MUNICIPAL,No,No,690366106,,POINT (-4.424164025461718 36.71817480393967),No,82
da_desfibriladores.fid--3b3f458b_19e3a8482f8_-1e39,6220790,,,,,,,-1,0,-1,,,7268,DEA_233,Centro Ciudadano Cortijo de Mazas (Entrada),"CALLE SIERRA DE GATA, 18",,majparra@malaga.eu,,De 9:00 a 13:00 y 17:00 a 21:00h.,,MUNICIPAL,No,No,649964684,,POINT (-4.5008901381738955 36.64934280530211),No,82
da_desfibriladores.fid--3b3f458b_19e3a8482f8_-1e38,6220791,,,,,,,-1,0,-1,,,3194,DEA_039,Bomberos Churriana (En los vestuarios),"CALLE ESCRITORA CARMEN BRAVO-VILLASANTE, 16",,cgabani@malaga.eu,,24 horas,,MUNICIPAL,No,No,951929560,,POINT (-4.512912228248502 36.66754349013154),No,82
da_desfibriladores.fid--3b3f458b_19e3a8482f8_-1e37,6220792,,,,,,,-1,0,-1,,,11806,DEA_393,TOTEM (Asisa),"PASEO MARÍTIMO ANTONIO BANDERAS, 5",,jtoscano@malaga.eu,,24 h.,,MUNICIPAL,No,No,682760873,,POINT (-4.4379715486801485 36.6962065892322),Si,92
da_desfibriladores.fid--3b3f458b_19e3a8482f8_-1e36,6220793,,,,,,,-1,0,-1,,,3765,DEA_151,Policía Local Churriana. (Recepción),"CALLE SEDELLA, 38",,polocialocalchurriana@malaga.eu - jamartin@malaga.eu,,24h,,MUNICIPAL,No,No,951929480,,POINT (-4.503123060722997 36.66213157104947),Si,92
da_desfibriladores.fid--3b3f458b_19e3a8482f8_-1e35,6220794,,,,,,,-1,0,-1,,,3516,DEA_659,UMA Facultad de Ciencias de la Salud (Conserjería),"CALLE ARQUITECTO FRANCISCO PEÑALOSA, 3",,,,"L a V de 8 a 21 h.(Lectivo)
",,UMA,No,No,951952801,,POINT (-4.500081207249269 36.71539639637006),No,82
da_desfibriladores.fid--3b3f458b_19e3a8482f8_-1e34,6220795,,,,,,,-1,0,-1,,,3513,DEA_653,UMA E.T.S.I. Industriales (Conserjería),"CALLE ARQUITECTO FRANCISCO PEÑALOSA, 6",,,,"L-M-X-J-V de 8 a 21 h.
",,UMA,No,No,951952350,,POINT (-4.492540920087267 36.715171479614725),No,82
da_desfibriladores.fid--3b3f458b_19e3a8482f8_-1e33,6220796,,,,,,,-1,0,-1,,,7006,DEA_670,"UMA Edif. Ada Byron (Entrando edificio,  izquierda  2ª columna).","CALLE ARQUITECTO FRANCISCO PEÑALOSA, 18",,,,L - V 08:.00 a 21:00,,OTRAS,No,No,951952983,,POINT (-4.500105081972706 36.716629682503296),No,82
da_desfibriladores.fid--3b3f458b_19e3a8482f8_-1e32,6220797,,,,,,,-1,0,-1,,,3942,DEA_576,EDUCACIÓN CE Diocesano San Vicente Paúl,"CALLE LA UNIÓN, 81",,relacionesexternas@fundacionvictoria.edu.es,,L a V 7:30 a 17:00h ( periodo escolar),,PRIVADA,No,No,952311078,,POINT (-4.44328481012472 36.70876461346819),No,82
da_desfibriladores.fid--3b3f458b_19e3a8482f8_-1e31,6220798,,,,,,,-1,0,-1,,,3635,DEA_085,CULTURA MUPAM. (Entrada),"PASEO DE REDING, 1",,smfernandez@malaga.eu,,De Martes a Domingo de 10:00  a 20:00 horas,,MUNICIPAL,No,No,951926052,,POINT (-4.412478474585358 36.72119442385473),No,82
da_desfibriladores.fid--3b3f458b_19e3a8482f8_-1e30,6220799,,,,,,,-1,0,-1,,,3962,DEA_542,DIPUTACIÓN edificio A (conserjería),"CALLE PACÍFICO, 54",,fjmanzano@malaga.es,,08:00h a 15:00h De L a V,,PRIVADA,No,No,952133780,,POINT (-4.444051555031131 36.689007133293444),No,82
da_desfibriladores.fid--3b3f458b_19e3a8482f8_-1e2f,6220800,,,,,,,-1,0,-1,,,11945,DEA_350,POLICIA LOCAL TERRITORIAL CRUZ DE HUMILLADERO,"CALLE VIRGEN DE LA FUENSANTA, 1",,famartin@malaga.eu,,24 H,,MUNICIPAL,No,No,638127915,,POINT (-4.443338924294314 36.7145180544516),Si,92
da_desfibriladores.fid--3b3f458b_19e3a8482f8_-1e2e,6220801,,,,,,,-1,0,-1,,,3215,DEA_037,Bomberos Las Piramides (Recepción a la derecha),"CAMINO DEL PATO, 35",,cgabani@malaga.eu,,24 horas,,MUNICIPAL,No,No,951929560,,POINT (-4.452960264103958 36.686260373467455),Si,92
da_desfibriladores.fid--3b3f458b_19e3a8482f8_-1e2d,6220802,,,,,,,-1,0,-1,,,12525,DEA_354,BOMBEROS (Parque Las Pirámides)(R3-8303 HFL),"CAMINO DEL PATO, 35",,scgalvez@malaga.eu,,24 h.,,MUNICIPAL,No,No,951928987,,POINT (-4.452989241688128 36.68622663018898),Si,92
da_desfibriladores.fid--3b3f458b_19e3a8482f8_-1e2c,6220803,,,,,,,-1,0,-1,,,8484,DEA_618,EMPRESA SALUD FARMACIA CASTRO NOGALES,"CAMINO DEL PATO, 21",,administracion@farmaciacastronogales.com,,L-V 8:00- 21:00//S 9:30- 14:30,,PRIVADA,No,No,952240695,,POINT (-4.451528676026242 36.68871189871861),No,82
da_desfibriladores.fid--3b3f458b_19e3a8482f8_-1e2b,6220804,,,,,,,-1,0,-1,,,6664,DEA_195,"TOTEM (Paseo Marítimo Pablo Ruiz Picasso, frente al nº12)","PASEO MARÍTIMO PABLO RUIZ PICASSO, 12",,jtoscano@malaga.eu,,24 horas,,MUNICIPAL,No,No,,,POINT (-4.405898742967003 36.71990671372329),Si,92
da_desfibriladores.fid--3b3f458b_19e3a8482f8_-1e2a,6220805,,,,,,,-1,0,-1,,,4261,DEA_586,EMPRESA HOTEL Gran Hotel Miramar,"PASEO DE REDING, 24",,direccion.miramar@h-santos.es,,24h.,,PRIVADA,No,No,952603003,,POINT (-4.40766975855922 36.72052715849296),Si,92
da_desfibriladores.fid--3b3f458b_19e3a8482f8_-1e29,6220806,,,,,,,-1,0,-1,,,3629,DEA_079,CULTURA Jardín Botánico (recepción),"CAMINO DEL JARDÍN BOTÁNICO, 3",,ctriano@malaga.eu,,"Invierno 9:30 - 17:30
Verano 9:30 - 20:30",,MUNICIPAL,No,No,951926180,,POINT (-4.426424220276561 36.75972421942925),No,82
da_desfibriladores.fid--3b3f458b_19e3a8482f8_-1e28,6220807,,,,,,,-1,0,-1,,,9824,DEA_632,EDUCACION CE I.E.S. SANTA BARBARA,"AVENIDA DE EUROPA, 128",,,,DE 8:00 A 21:45 H PERIODO LECTIVO.,,PRIVADA,No,No,951298434,,POINT (-4.461009499508079 36.695389634159426),No,82
da_desfibriladores.fid--3b3f458b_19e3a8482f8_-1e27,6220808,,,,,,,-1,0,-1,,,3961,DEA_541,DIPUTACION edificio B (conserjería),"CALLE PACÍFICO, 52",,fjmanzano@malaga.es,,24 horas.,,PRIVADA,No,No,952133500,,POINT (-4.444338319130781 36.68850368832024),No,82
da_desfibriladores.fid--3b3f458b_19e3a8482f8_-1e26,6220809,,,,,,,-1,0,-1,,,8712,DEA_258,TOTEM (Pacífico 43),"CALLE PACÍFICO, 43",,jtoscano@malaga.eu,,24h,,MUNICIPAL,No,No,,,POINT (-4.441055819999208 36.692143885219664),Si,92
da_desfibriladores.fid--3b3f458b_19e3a8482f8_-1e25,6220810,,,,,,,-1,0,-1,,,7141,DEA_214,"Centro Social de Mayores Antonio Martero ·El Seneca"" (Entrada a la izquierda)","CALLE LA UNIÓN, 35",,enri-merche@hotmail.com,,L a V 10:00 a 13:00 y 17:00 a 19:00 h.,,MUNICIPAL,No,No,672389386,,POINT (-4.4381913970156335 36.711023215667325),No,82
da_desfibriladores.fid--3b3f458b_19e3a8482f8_-1e24,6220811,,,,,,,-1,0,-1,,,3641,DEA_131,Centro Social  Rafael Gonzalez  Luna(Recepción),"CALLE VIRGEN DE LA CANDELARIA, 2",,F.A.P.CIUDADANOS@GMAIL.COM,,L a V de 9:00 a 21:00 h,,MUNICIPAL,No,No,,,POINT (-4.4479928465026575 36.718502468044676),No,82
da_desfibriladores.fid--3b3f458b_19e3a8482f8_-1e23,6220812,,,,,,,-1,0,-1,,,7845,DEA_239,"TOTEM (Paseo Marítimo Ciudad de Melilla, 10)","PASEO MARÍTIMO CIUDAD DE MELILLA, 10",,jtoscano@malaga.eu,,24H,,MUNICIPAL,No,No,,,POINT (-4.412723069518954 36.71554262529306),No,82
da_desfibriladores.fid--3b3f458b_19e3a8482f8_-1e22,6220813,,,,,,,-1,0,-1,,,7264,DEA_229,Centro Ciudadano Jorge Macias (Recepción),"CALLE DOCTOR GÁLVEZ MOLL, 5",,lgguillen@malaga.eu,,L a V 9:00 a 20:00 h.,,MUNICIPAL,No,No,670549502,,POINT (-4.427194626463506 36.73911369070485),No,82
da_desfibriladores.fid--3b3f458b_19e3a8482f8_-1e21,6220814,,,,,,,-1,0,-1,,,14285,DEA_715,BIBLIOTECA MUNICIPAL ALBERTO JIMENEZ FRAUD,"CALLE DOCTOR GÁLVEZ MOLL, 15",,mcarabias@malaga.eu//biblio.ajimenezfraud.malaga.eu,,"INV. L a V 9:30 a 14:00 
M y J 16:30 a 20:30",,MUNICIPAL,No,No,951926105,,POINT (-4.429003173414916 36.73943721413092),No,82
da_desfibriladores.fid--3b3f458b_19e3a8482f8_-1e20,6220815,,,,,,,-1,0,-1,,,3196,DEA_067,Parking Cervantes. Dentro Cabina (recepción),"CALLE CERVANTES, 6",,,,08:00-22:00,,MUNICIPAL,No,No,952217985,,POINT (-4.409908525087684 36.72022472231083),No,82
da_desfibriladores.fid--3b3f458b_19e3a8482f8_-1e1f,6220816,,,,,,,-1,0,-1,,,8713,DEA_259,TOTEM (Plaza Malagueta),"PLAZA DE LA MALAGUETA, 1",,jtoscano@malaga.eu,,24h.,,MUNICIPAL,No,No,,,POINT (-4.409786947507952 36.71814890594826),Si,92
da_desfibriladores.fid--3b3f458b_19e3a8482f8_-1e1e,6220817,,,,,,,-1,0,-1,,,4125,DEA_190,C. Deportivo Ciudad Jardín (recepción),"PLAZA DE JOHN F. KENNEDY, 3",,areadeporte@malaga.eu,,"L a V : 08:00-23:00h, S 09:00-22:00 h.
D: 09:00 - 14:00h. y 15:00-22:00h.",,MUNICIPAL,No,No,951929201,,POINT (-4.4237397340031785 36.75031923660945),No,82
da_desfibriladores.fid--3b3f458b_19e3a8482f8_-1e1d,6220818,,,,,,,-1,0,-1,,,14744,DEA_731,POLIDEPORTIVO CIUDAD JARDIN,"PLAZA DE JOHN F. KENNEDY, 3",,ansanz@malaga.eu,,L a V 9:00 a 14:00 h.,,MUNICIPAL,No,No,951929201,,POINT (-4.423742817906694 36.75005844385397),No,82
da_desfibriladores.fid--3b3f458b_19e3a8482f8_-1e1c,6220819,,,,,,,-1,0,-1,,,7870,DEA_247,"TOTEM (Puerto, Palmeral de las Sorpresas, junto a cafetería “Granier”)","PASEO DE LOS CURAS, 2",,jtoscano@malaga.eu,,24h,,MUNICIPAL,No,No,,,POINT (-4.415654946183261 36.71830091930944),Si,92
da_desfibriladores.fid--3b3f458b_19e3a8482f8_-1e1b,6220820,,,,,,,-1,0,-1,,,3769,DEA_155,OMAC  Churriana,"PLAZA DE LA INMACULADA, 11",,DNAVAS@MALAGA.EU,,"L-V de  7:30 a 15:00 horas.
",,MUNICIPAL,No,No,951926048,,POINT (-4.503154525922354 36.66932149924918),No,82
da_desfibriladores.fid--3b3f458b_19e3a8482f8_-1e1a,6220821,,,,,,,-1,0,-1,,,3621,DEA_071,ADMÓN CIFAL Málaga- entrando a la izquierda,"AVENIDA DE CERVANTES, 1",,administracion@cifalmalaga.org//info@cifalmalaga.org,,De lunes a viernes de 10:00 - 14:00 horas,,MUNICIPAL,No,No,951313954,,POINT (-4.416489955777893 36.71971135344743),No,82
da_desfibriladores.fid--3b3f458b_19e3a8482f8_-1e19,6220822,,,,,,,-1,0,-1,,,7128,DEA_688,"UMA RECTORADO (PARQUE). Entrando, a la izquierda, junto a la puerta de Conserjería.","AVENIDA DE CERVANTES, 2",,,,"Días lectivos de 08:00h a 21:00h
Del 10 de julio, de 08:00 a 15:00 horas. Todos los centros y edificios de la UMA permanecerán cerrados en Navidad, Semana Santa y, las 3 primeras semanas de agosto.",,UMA,No,No,952137006,,POINT (-4.416035374151406 36.719880430217046),No,82
da_desfibriladores.fid--3b3f458b_19e3a8482f8_-1e18,6220823,,,,,,,-1,0,-1,,,14146,DEA_695,POLICIA LOCAL AYUNTAMIENTO. (RETEN),"AVENIDA DE CERVANTES, 4",,famartin@malaga.eu,,24 h.,,MUNICIPAL,No,No,951927044,,POINT (-4.4149300924075785 36.72014324701212),Si,92
da_desfibriladores.fid--3b3f458b_19e3a8482f8_-1e17,6220824,,,,,,,-1,0,-1,,,13686,DEA_339,Centro de Recursos Asociativos,"CALLE BOLIVIA, 63",,presidentezegui@gmail.com,,L-V 09:00-13:00 H.,,MUNICIPAL,No,No,952291570,,POINT (-4.377897576327103 36.72165965613851),No,82
da_desfibriladores.fid--3b3f458b_19e3a8482f8_-1e16,6220825,,,,,,,-1,0,-1,,,80046,DEA_802,TOTEM CALLE ESCRITOR JULIO BALBAS,"CALLE DEL ESCRITOR JULIO BALBAS, 16",,jtoscano@malaga.eu,,,,MUNICIPAL,No,No,,,POINT (-4.49897031824577 36.66182098627876),Si,92
da_desfibriladores.fid--3b3f458b_19e3a8482f8_-1e15,6220826,,,,,,,-1,0,-1,,,3762,DEA_148,Junta Municipal Bailén Miraflores. Junto a la OMAC,"CALLE MARTÍNEZ MALDONADO, 58",,lagonzalez@malaga.eu,,De 8:00 a 15:00 horas.,,MUNICIPAL,No,No,951926919,,POINT (-4.4386942734494355 36.721593408277776),No,82
da_desfibriladores.fid--3b3f458b_19e3a8482f8_-1e14,6220827,,,,,,,-1,0,-1,,,14271,DEA_713,Centro Servicios Sociales CRUZ DE HUMILLADERO,"CALLE FERNÁNDEZ FERMINA, 7",,epastor@malaga.eu//css6@malaga.eu,,L-V 09:00 a 14:00 h.,,MUNICIPAL,No,No,,,POINT (-4.440905219116301 36.713609337839046),No,82
da_desfibriladores.fid--3b3f458b_19e3a8482f8_-1e13,6220828,,,,,,,-1,0,-1,,,3945,DEA_583,EDUCACIÓN CE CPD Obispo San Patricio,"CALLE ABOGADO FEDERICO ORELLANA TOLEDANO, 4",,direccion.obisposanpatricio@fundacionvictoria.edu.es,,L a V 08:30-18:00h (Periodo lectivo),,PRIVADA,No,No,952314896,,POINT (-4.439093608865986 36.70248162236774),No,82
da_desfibriladores.fid--3b3f458b_19e3a8482f8_-1e12,6220829,,,,,,,-1,0,-1,,,3949,DEA_582,EDUCACIÓN CE Fundación Victoria (Recepción: Entrando a la derecha),"CALLE CONDE DE TENDILLA, 26",,relacionesexternas@fundacionvictoria.edu.es,,L a V de 08:0 a 15:00 (Periodo lectivo),,PRIVADA,No,No,952260049,,POINT (-4.412430345301716 36.729967917995864),No,82
da_desfibriladores.fid--3b3f458b_19e3a8482f8_-1e11,6220830,,,,,,,-1,0,-1,,,3182,DEA_026,"BIBLIOTECA "" Bernabé Fernández Canivell""  EL Palo (Sala general)","CALLE PRACTICANTE PEDRO ROMÁN, 7",,jmoncada@malaga.eu,,"L-M-X-J-V 09:30 a 14:00 h 
L y X 16:30-20:30
S 09:00-14:00",,MUNICIPAL,No,No,951926110,,POINT (-4.374520734135047 36.7216490457592),No,82
da_desfibriladores.fid--3b3f458b_19e3a8482f8_-1e10,6220831,,,,,,,-1,0,-1,,,13685,DEA_337,Asociación Torre de las Palomas (La Araña) - Dentro del salón a la izq,"CALLE ESCRITOR AGUILAR Y LORA, 2",,segoviamorenosonia@gmail.com,,L-X-J-V-S-D 12 a 21h,,MUNICIPAL,No,No,,,POINT (-4.32672727540809 36.71249873485342),No,82
da_desfibriladores.fid--3b3f458b_19e3a8482f8_-1e0f,6220832,,,,,,,-1,0,-1,,,7246,DEA_227,Centro Ciudadano Jose María Gutierrez Romera (Entrada patio cubierto),"CALLE REPÚBLICA ARGENTINA, 11",,asmon@sociedadexcursionistademalaga.org,,L a V 18:00 a 22:00 h.,,MUNICIPAL,No,No,653269469,,POINT (-4.399452529643026 36.72690376805821),No,82
da_desfibriladores.fid--3b3f458b_19e3a8482f8_-1e0e,6220833,,,,,,,-1,0,-1,,,8931,DEA_475,"C. Deportivo Cerrado de Calderón (planta baja, frente a vestuario de niños)","CALLE LOS FLAMENCOS, 19",,jorgelanzat@colegiocerradodecalderon.es,,"L a J: 8:30 a 22:30
V: 8:30 a 21:30
S, D y festivos: 9:00 a 14:00
",,PRIVADA,No,No,952290077,,POINT (-4.38422143894611 36.72722831323361),No,82
da_desfibriladores.fid--3b3f458b_19e3a8482f8_-1e0d,6220834,,,,,,,-1,0,-1,,,80084,DEA_806,PROMÁLAGA CITYLAB (CENTESIMAL),"PLAZA PINTOR EUGENIO CHICANO, 4",,areainnovacion@malaga.eu,,8:00-15:00 (L-V no festivos),,PRIVADA,No,No,,,POINT (-4.4227851416806025 36.72308310114575),No,84
da_desfibriladores.fid--3b3f458b_19e3a8482f8_-1e0c,6220835,,,,,,,-1,0,-1,,,13064,DEA_503,Ilustre Colegio Oficial de Psicología de Andalucía Oriental - COPAO (SEDE MÁLAGA),"CALLE DEL DOCTOR MIGUEL DÍAZ RECIO, 28",,malagacop@cop.es,,Desde el 16 de septiembre al 14 de junio (horario de invierno): lunes a jueves de 09:00 a 20:30 horas. Viernes de 09:00 a 14:00 horas. Desde el 15 de junio al 15 de septiembre (horario de verano): lunes a viernes de 08:00 a 15:00 horas.,,OTRAS,No,No,,,POINT (-4.465008895506273 36.72268022985028),No,82
da_desfibriladores.fid--3b3f458b_19e3a8482f8_-1e0b,6220836,,,,,,,-1,0,-1,,,12845,DEA_370,CENTRO CIUDADANOS PARQUE EL OESTE (1ª planta),"CALLE REALENGA DE SAN LUIS, 11",,cruzmariscal@hotmail.com,,L a V 16:00 a 20:00,,MUNICIPAL,No,No,677437741,,POINT (-4.448558894139108 36.69392100623132),No,82
da_desfibriladores.fid--3b3f458b_19e3a8482f8_-1e0a,6220837,,,,,,,-1,0,-1,,,3750,DEA_121,CULTURA MIMMA (MUSEO INT. MUSICA) (entrada ),"CALLE BEATAS, 15",,soporteinterexpo@gmail.com,,L a D 10:00 a 19:00 h. Lunes tarde cerrado,,MUNICIPAL,No,No,658993416,,POINT (-4.42011292337035 36.72343026605356),No,82
da_desfibriladores.fid--3b3f458b_19e3a8482f8_-1e09,6220838,,,,,,,-1,0,-1,,,14305,DEA_722,BIBLIOTECA MUNICIPAL JOSE MARIA HINOJOSA,"CALLE MANUEL RIVADENEYRA, 8",,efrances@malaga.eu//biblio.hinojosa@malaga.eu,,"INV. L a V 9:30 a 14:00 
M y J 16:30 a 20:30 h.
",,MUNICIPAL,No,No,951926178,,POINT (-4.468069236067567 36.725426980812514),No,82
da_desfibriladores.fid--3b3f458b_19e3a8482f8_-1e08,6220839,,,,,,,-1,0,-1,,,80433,DEA_816,CEIP MARÍA ZAMBRANO (CENTESIMAL),"CALLE HAMLET, 23",,areainnovacion@malaga.eu,,7:00-18:00 (L-V),,PRIVADA,No,No,951293522,,POINT (-4.4656828112926155 36.710281661359),No,82
da_desfibriladores.fid--3b3f458b_19e3a8482f8_-1e07,6220840,,,,,,,-1,0,-1,,,12364,DEA_372,ÁREA SERVICIOS OPERATIVOS DISTRITO 11 (Teatinos),"CALLE DEL DOCTOR MIGUEL DÍAZ RECIO, 1",,mjbermudez@malaga.eu,,L a V 7:30 a 15:00 h.,,MUNICIPAL,No,No,,,POINT (-4.465404292660204 36.72515394244818),No,82
da_desfibriladores.fid--3b3f458b_19e3a8482f8_-1e06,6220841,,,,,,,-1,0,-1,,,10667,DEA_274,ASOCIACIÓN Comedor Ángeles Malgueños de la Noche (entrada),"CALLE FUENTECILLA, 2",,f.roldan@selma.es,,7:30 a 15:00h L-S,,MUNICIPAL,No,No,650341605,,POINT (-4.426940772508966 36.71925241040405),No,82
da_desfibriladores.fid--3b3f458b_19e3a8482f8_-1e05,6220842,,,,,,,-1,0,-1,,,6827,DEA_563,METRO Estación El Clínico,"BULEVAR LOUIS PASTEUR, 13",,j.ocana@metromalaga.es,,24h.,,PRIVADA,No,No,952061641,,POINT (-4.47819599725408 36.71687398035244),Si,92
da_desfibriladores.fid--3b3f458b_19e3a8482f8_-1e04,6220843,,,,,,,-1,0,-1,,,4183,DEA_558,METRO Estación Ciudad de la Justicia. (Vestíbulo),"BULEVAR LOUIS PASTEUR, 12",,j.ocana@metromalaga.es,,"Lunes a Jueves	06:30-23:15
Viernes	06:30-01:45
Sábado	07:00-01:45
Domingo y Festivos	07:00-23:15
",,PRIVADA,No,No,952061641,,POINT (-4.463091007546999 36.71804410061018),No,82
da_desfibriladores.fid--3b3f458b_19e3a8482f8_-1e03,6220844,,,,,,,-1,0,-1,,,4141,DEA_667,"UMA CIMES En la planta baja (dcha),cerca de la Sala de espera.","CALLE DEL MARQUÉS DE BECCARIA, 3",,scastillo@fguma.es,,"L a V: 08:00 a 21:00  (horario lectivo)
",,PRIVADA,No,No,952137276,,POINT (-4.472256560927087 36.71803949110014),No,82
da_desfibriladores.fid--3b3f458b_19e3a8482f8_-1e02,6220845,,,,,,,-1,0,-1,,,3521,DEA_657,UMA Facultades CC. De la Educación y Psicología (Conserjería),"BULEVAR LOUIS PASTEUR, 25",,,,"L-M-X-J-V de 8 a 21 h.
S de 8 a 14 h.",,UMA,No,No,952132434,,POINT (-4.469112204125423 36.716775561750616),No,82
da_desfibriladores.fid--3b3f458b_19e3a8482f8_-1e01,6220846,,,,,,,-1,0,-1,,,7129,DEA_689,"UMA SCI/SCAI. A la entrada del edificio, a la derecha.","BULEVAR LOUIS PASTEUR, 33",,,,"Días lectivos de 08:00h a 21:00h
Del 10 de julio, de 08:00 a 15:00 horas. Todos los centros y edificios de la UMA permanecerán cerrados en Navidad, Semana Santa y, las 3 primeras semanas de agosto.",,UMA,No,No,952131988,,POINT (-4.473551084551605 36.71604635711718),No,82
da_desfibriladores.fid--3b3f458b_19e3a8482f8_-1e00,6220847,,,,,,,-1,0,-1,,,3524,DEA_661,UMA Facultad de Ciencias,"BULEVAR LOUIS PASTEUR, 31",,,,"L-M-X-J-V de 8 a 21 h.
S de 8 a 14 h.",,UMA,No,No,952131995,,POINT (-4.472818487778673 36.71625246604415),No,82
da_desfibriladores.fid--3b3f458b_19e3a8482f8_-1dff,6220848,,,,,,,-1,0,-1,,,7040,DEA_680,UMA Contenedor Cultural (Frente puerta principal),"BULEVAR LOUIS PASTEUR, 29",,,,08:00 a 21:00 horario lectivo,,OTRAS,No,No,951953062,,POINT (-4.4717829690407696 36.7163391231869),No,82
da_desfibriladores.fid--3b3f458b_19e3a8482f8_-1dfe,6220849,,,,,,,-1,0,-1,,,7050,DEA_681,"UMA JARDIN BOTANICO. En el acceso al ascensor, totalmente visible desde la puerta principal al Jardín.","BULEVAR LOUIS PASTEUR, 29",,,,"Días lectivos de 08:00h a 21:00h
Del 10 de julio, de 08:00 a 15:00 horas. Todos los centros y edificios de la UMA permanecerán cerrados en Navidad, Semana Santa y, las 3 primeras semanas de agosto",,UMA,No,No,952136710,,POINT (-4.471787767201931 36.71638358310822),No,82
da_desfibriladores.fid--3b3f458b_19e3a8482f8_-1dfd,6220850,,,,,,,-1,0,-1,,,7038,DEA_678,UMA Biblioteca General (hall principal junto puerta entrada),"BULEVAR LOUIS PASTEUR, 28",,,,08:00 a 21:00 horario lectivo,,OTRAS,No,No,952132303,,POINT (-4.471301568214868 36.71760378131785),No,82
da_desfibriladores.fid--3b3f458b_19e3a8482f8_-1dfc,6220851,,,,,,,-1,0,-1,,,6825,DEA_561,METRO Estación Universidad,"BULEVAR LOUIS PASTEUR, 30",,j.ocana@metromalaga.es,,24H.,,PRIVADA,No,No,952061641,,POINT (-4.472082238025654 36.71728894371629),Si,92
da_desfibriladores.fid--3b3f458b_19e3a8482f8_-1dfb,6220852,,,,,,,-1,0,-1,,,3211,DEA_051,Policía Local GIP(entrada),"CALLE JOSÉ ORTEGA LUQUE, 18",,lurbano@malaga.eu,,24h,,MUNICIPAL,No,No,951927600,,POINT (-4.449861082927842 36.72484202965312),No,82
da_desfibriladores.fid--3b3f458b_19e3a8482f8_-1dfa,6220853,,,,,,,-1,0,-1,,,3527,DEA_665,UMA E.T.S.I. Informática y Telecomunicaciones (Cerca de Conserjería),"BULEVAR LOUIS PASTEUR, 35",,,,"L-M-X-J-V de 8 a 21 h.
",,UMA,No,No,952132700,,POINT (-4.47601638635663 36.71582388526673),No,82
da_desfibriladores.fid--3b3f458b_19e3a8482f8_-1df9,6220854,,,,,,,-1,0,-1,,,3528,DEA_666,"UMA E.T.S.I. Informática y Telecomunicaciones (Módulo 3, Pl. 0, Aula 401)","BULEVAR LOUIS PASTEUR, 35",,,,"L-V de 8 a 21 h.
",,UMA,No,No,952132700,,POINT (-4.475938138237068 36.71586301502906),No,82
da_desfibriladores.fid--3b3f458b_19e3a8482f8_-1df8,6220855,,,,,,,-1,0,-1,,,7028,DEA_675,"UMA Aulario ""Rosa de Gálvez"" (Entrada bajo TV)","BULEVAR LOUIS PASTEUR, 35",,,,08:00 a 21:00 horario lectivo,,OTRAS,No,No,952132298,,POINT (-4.475607379036149 36.71467781666233),No,82
da_desfibriladores.fid--3b3f458b_19e3a8482f8_-1df7,6220856,,,,,,,-1,0,-1,,,7130,DEA_690,UMA COMPL. POLIDEPORTIVO. Planta baja del edificio,"BULEVAR LOUIS PASTEUR, 39",,,,"Días lectivos de 08:00h a 21:00h
Del 10 de julio, de 08:00 a 15:00 horas. Todos los centros y edificios de la UMA permanecerán cerrados en Navidad, Semana Santa y, las 3 primeras semanas de agosto.",,UMA,No,No,951953030,,POINT (-4.480886275418856 36.716350085143056),No,82
da_desfibriladores.fid--3b3f458b_19e3a8482f8_-1df6,6220857,,,,,,,-1,0,-1,,,3217,DEA_041,Policía Local Centro (Entrando a la derecha),"AVENIDA DE LA ROSALEDA, 19",,famartin@malaga.eu,,24h,,MUNICIPAL,No,No,,,POINT (-4.42535790891956 36.72476637680085),Si,92
da_desfibriladores.fid--3b3f458b_19e3a8482f8_-1df5,6220858,,,,,,,-1,0,-1,,,3523,DEA_662,UMA Facultad de Filosofía y Letras (Conserjería),"BULEVAR LOUIS PASTEUR, 27",,,,"L-M-X-J-V de 8 a 21 h.
S de 8 a 14 h.",,UMA,No,No,952131688,,POINT (-4.47076427712549 36.71655513291663),No,82
da_desfibriladores.fid--3b3f458b_19e3a8482f8_-1df4,6220859,,,,,,,-1,0,-1,,,3522,DEA_660,UMA Facultad de Derecho (Entrada),"BULEVAR LOUIS PASTEUR, 26",,,,"L-M-X-J-V de 8 a 21 h.
S de 8 a 14 h.",,UMA,No,No,952132339,,POINT (-4.469498969375793 36.71761959188071),No,82
da_desfibriladores.fid--3b3f458b_19e3a8482f8_-1df3,6220860,,,,,,,-1,0,-1,,,3525,DEA_663,UMA Facultad de Medicina (Entrada),"BULEVAR LOUIS PASTEUR, 32",,,,"L-M-X-J-V de 8 a 21 h.
S de 8 a 14 h.",,UMA,No,No,952131542,,POINT (-4.47423154857635 36.716966457690525),No,82
da_desfibriladores.fid--3b3f458b_19e3a8482f8_-1df2,6220861,,,,,,,-1,0,-1,,,3526,DEA_664,UMA Facultad de Medicina (Conserjería),"BULEVAR LOUIS PASTEUR, 32",,,,"L-M-X-J-V de 8 a 21 h.
S de 8 a 14 h.",,UMA,No,No,952131542,,POINT (-4.47412267874063 36.71705684471852),No,82
da_desfibriladores.fid--3b3f458b_19e3a8482f8_-1df1,6220862,,,,,,,-1,0,-1,,,65544,DEA_735,UMA Servicios Sanitarios de PRL,"BULEVAR LOUIS PASTEUR, 32",,prevencion@uma.es,,"De L a J 09:00 a 19:00 h.
V de 09:00 a 14:00 H.",,PRIVADA,No,No,952137061,,POINT (-4.47423154857635 36.716966457690525),No,82
da_desfibriladores.fid--3b3f458b_19e3a8482f8_-1df0,6220863,,,,,,,-1,0,-1,,,3200,DEA_038,Bomberos Alameda- Teatinos  (Despacho de mando),"CALLE ISOLDA, 7",,cgabari@malaga.eu,,24 horas,,MUNICIPAL,No,No,951929560,,POINT (-4.470265700414863 36.70898100525906),No,82
da_desfibriladores.fid--3b3f458b_19e3a8482f8_-1def,6220864,,,,,,,-1,0,-1,,,80087,DEA_808,PROMÁLAGA ÁLAMOS (CENTESIMAL),"CALLE ÁLAMOS, 34",,areainnovacion@malaga.eu,,8:00-15:00h (L-V no festivos),,PRIVADA,No,No,,,POINT (-4.418762932164196 36.72334674914308),No,82
da_desfibriladores.fid--3b3f458b_19e3a8482f8_-1dee,6220865,,,,,,,-1,0,-1,,,7924,DEA_612,CP Colegio Oficial de Enfermeía de Málaga (Entrada),"CALLE JUAN DE HERRERA, 38",,secretariotecnico@colegioenfermeriamalaga.es,,"INVIERNO (16 Sept a 30 Jun) L a J  08:00 a 18:00 V 08:00 a 16:00
VERANO (1 Jul a 15 Sept) L a V 08:00 a 15:00
ESPECIAL 5 a 31 Dic.5 Ene, Lunes, martes y miércoles santo, 24 y 31 Dic
 09:00 a 15:00",,PRIVADA,No,No,952395320,,POINT (-4.427868379555762 36.726006454435804),No,82
da_desfibriladores.fid--3b3f458b_19e3a8482f8_-1ded,6220866,,,,,,,-1,0,-1,,,80431,DEA_814,CEIP HANS CHRISTIAN ANDERSEN (CENTESIMAL),"CALLE DULCE CHACÓN, 1",,areainnovacion@malaga.eu,,7:00-18:00 (L-V),,PRIVADA,No,No,951298540,,POINT (-4.438511357137815 36.70998355741116),No,84
da_desfibriladores.fid--3b3f458b_19e3a8482f8_-1dec,6220867,,,,,,,-1,0,-1,,,12524,DEA_344,BOMBEROS (Parque Las Pirámides)(R2-9812 CTG),"CALLE ISOLDA, 11",,scgalvez@malaga.eu,,24 h.,,MUNICIPAL,No,No,951928987,,POINT (-4.47064123822651 36.7090066626306),Si,92
da_desfibriladores.fid--3b3f458b_19e3a8482f8_-1deb,6220868,,,,,,,-1,0,-1,,,9044,DEA_625,CP COLEGIO ADMINISTRADORES DE FINCAS DE MÁLAGA Y MELILLA (recepción),"CALLE COMPOSITOR LEHMBERG RUIZ, 10",,info@cafmalaga.com,,"L-J 9 A 17 H
V 8-15 H",,PRIVADA,No,No,952302221,,POINT (-4.432046660921281 36.71803047463397),No,82
da_desfibriladores.fid--3b3f458b_19e3a8482f8_-1dea,6220869,,,,,,,-1,0,-1,,,12605,DEA_456,Ibis Málaga Centro Ciudad (recepción),"CALLE CERROJO, 1",,,,24h,,PRIVADA,No,No,952070741,,POINT (-4.4264298447263695 36.7200044020691),Si,92
da_desfibriladores.fid--3b3f458b_19e3a8482f8_-1de9,6220870,,,,,,,-1,0,-1,,,9024,DEA_624,EMPRESA HOTEL Málaga Alameda Centro (Recepción entrada cuarto maletas),"AVENIDA DE LA AURORA, 31",,Jorge.saez@melia.com,,24h.,,PRIVADA,No,No,952368020,,POINT (-4.432729581099833 36.715971088095195),Si,92
da_desfibriladores.fid--3b3f458b_19e3a8482f8_-1de8,6220871,,,,,,,-1,0,-1,,,13764,DEA_515,CENTRO CIUDADANO LAS CASTAÑETAS,"CALLE REBUJINA, 18",,rrus@malaga.eu,,"L a J 9:00 a 13:00h. y 15:30-19:30h.
V: 10:00-13:00",,MUNICIPAL,No,No,951926079,,POINT (-4.549702431965798 36.70811101986376),No,82
da_desfibriladores.fid--3b3f458b_19e3a8482f8_-1de7,6220872,,,,,,,-1,0,-1,,,3754,DEA_125,Protección Civil Base ADTV(entrando de frente),"CALLE HUERTO DE MONJAS, 39",,jabenitez@malaga.eu,,L a V 8:00 a 15:00h,,MUNICIPAL,No,No,,,POINT (-4.42532919886375 36.72591528690337),No,82
da_desfibriladores.fid--3b3f458b_19e3a8482f8_-1de6,6220873,,,,,,,-1,0,-1,,,11624,DEA_366,ASOCIACIÓN DE VECINOS LA TÉRMICA,"CALLE NUESTRA SEÑORA DE LAS CANDELAS, 11",,,,L a V de 10:00 a 14:00 y de 18:00 a 22:00h.,,MUNICIPAL,No,No,,,POINT (-4.449689012488116 36.68725239221208),No,82
da_desfibriladores.fid--3b3f458b_19e3a8482f8_-1de5,6220874,,,,,,,-1,0,-1,,,3203,DEA_008,Centro Servicios Sociales Puerto de la Torre (Recepción),"CALLE LARA CASTAÑEDA, 61",,jbernal@malaga.eu,,"L-V   8:00 a 15:00 h 
",,MUNICIPAL,No,No,951926070,,POINT (-4.483489623336125 36.73326785338142),No,82
da_desfibriladores.fid--3b3f458b_19e3a8482f8_-1de4,6220875,,,,,,,-1,0,-1,,,14227,DEA_702,BIBLIOTECA CRISTOBAL CUEVAS,"PLAZA DE EDUARDO DATO, 1",,jdltorre@malaga.eu// biblio.ccuevas@malaga.eu,,"L a V 9:30 a 14:00 h.
L y Mier. 16:30 a 20:30 h.",,MUNICIPAL,No,No,951926184,,POINT (-4.436302906323166 36.729579865517834),No,82
da_desfibriladores.fid--3b3f458b_19e3a8482f8_-1de3,6220876,,,,,,,-1,0,-1,,,9865,DEA_633,EMPRESA CLINICA MAXILUM (GABINETE 1),"CALLE GABRIEL CELAYA, 7",,josem.herrero@oralyfacialmalaga.com,,"16 sep al 14 de jun de L a J de 9:30 h a 13:30 h y de 16:30 h a 20:30 h,
V de 9:00 h a 17:00 h.
Del 15 de jun al 15 de sep l y m de 9:30 h a 13:30 h y de 16:30 h a 20:30 h, v de 9:00 h a 17:0h0h.",,PRIVADA,No,No,951468833,,POINT (-4.431699085420324 36.71472076993768),No,82
da_desfibriladores.fid--3b3f458b_19e3a8482f8_-1de2,6220877,,,,,,,-1,0,-1,,,7266,DEA_231,ÁREA Puerta Única (Recepción),"CALLE HUERTO DE MONJAS, 29",,puertaunica@malaga.eu,,L-V 08:00 a 21:00h,,MUNICIPAL,No,No,951926093,,POINT (-4.425011875089796 36.725971182441704),No,82
da_desfibriladores.fid--3b3f458b_19e3a8482f8_-1de1,6220878,,,,,,,-1,0,-1,,,74513,DEA_760,"TOTEM ( Avda. de la Luz, 13)","AVENIDA DE LA LUZ, 13",,jtoscano@malaga.eu,,24 h.,,MUNICIPAL,No,No,682760873,,POINT (-4.452970499453078 36.69672923942315),Si,92
da_desfibriladores.fid--3b3f458b_19e3a8482f8_-1de0,6220879,,,,,,,-1,0,-1,,,12325,DEA_430,"TOTEM ( Anda. del Doctor Marañón, 41)","AVENIDA DEL DOCTOR MARAÑÓN, 41",,jtoscano@malaga.eu,,24 h.,,MUNICIPAL,No,No,,,POINT (-4.428455154184255 36.73150819223718),Si,92
da_desfibriladores.fid--3b3f458b_19e3a8482f8_-1ddf,6220880,,,,,,,-1,0,-1,,,14228,DEA_703,MERCADO BAILEN,"PLAZA BAILÉN, 8",,mnaranjo@malaga.eu,,L a S de 8:00 a 15:00 h.,,MUNICIPAL,No,No,630057104,,POINT (-4.431811660279555 36.724382185101334),No,82
da_desfibriladores.fid--3b3f458b_19e3a8482f8_-1dde,6220881,,,,,,,-1,0,-1,,,3702,DEA_144,Centro Ciudadanos Antonio Sánchez Gómez,"CAMINO DE CASTILLEJOS, 6",,cmontero@centralciudadana.es,,De L a V de  09:00 A 15:00 Y DE 17:00 A 21:00 H,,MUNICIPAL,No,No,952070220,,POINT (-4.445357431352619 36.7254832746434),No,82
da_desfibriladores.fid--3b3f458b_19e3a8482f8_-1ddd,6220882,,,,,,,-1,0,-1,,,10484,DEA_642,"EMPRESA COVEI, S.L.  (CONCESIONARIO IVECO) Planta baja","CARRETERA AZUCARERA-INTELHORCE, 78",,info@covei.com,,"L a V: 8:00 A 19:00 H.
S: 8:00  A 13:00 H.
",,PRIVADA,No,No,952176633,,POINT (-4.491738602075619 36.69346526776442),No,82
da_desfibriladores.fid--3b3f458b_19e3a8482f8_-1ddc,6220883,,,,,,,-1,0,-1,,,80085,DEA_807,PROMALAGA CRUZ DE HUMILLADERO (CENTESIMAL),"CALLE FERNÁNDEZ FERMINA, 16",,areainnovacion@malaga.eu,,8:00-15:00h (L-V no festivos),,PRIVADA,No,No,,,POINT (-4.442982039869789 36.71335835911583),No,75
da_desfibriladores.fid--3b3f458b_19e3a8482f8_-1ddb,6220884,,,,,,,-1,0,-1,,,13729,DEA_513,CENTRO CIUDADANO COLINAS DE TOQUERO,"CAMINO DE LOS ALMENDRALES, 12",,colinatoquero@gmail.com,,L a S 17:30 a 21:30 h.,,MUNICIPAL,No,No,653782147,,POINT (-4.405815207942776 36.73571677203995),No,82
da_desfibriladores.fid--3b3f458b_19e3a8482f8_-1dda,6220885,,,,,,,-1,0,-1,,,73927,DEA_749,CULTURA MUSEO POMPIDOU,"PASEO DE LOS CURAS, 4",,mm.coordinador@grupo-omega.es,,Martes Cerrado. L a D de 09:30 a 20:00 h.,,MUNICIPAL,No,No,689556790,,POINT (-4.413217383224968 36.7193705333608),No,82
da_desfibriladores.fid--3b3f458b_19e3a8482f8_-1dd9,6220886,,,,,,,-1,0,-1,,,7126,DEA_686,"UMA GREEN RAY. Enfrente de la puerta principal de acceso al edificio, a mano derecha.","BULEVAR LOUIS PASTEUR, 47",,,,"Días lectivos de 08:00h a 21:00h
Del 10 de julio, de 08:00 a 15:00 horas. Todos los centros y edificios de la UMA permanecerán cerrados en Navidad, Semana Santa y, las 3 primeras semanas de agosto.",,UMA,No,No,951952983,,POINT (-4.497104058655885 36.71881602821323),No,82
da_desfibriladores.fid--3b3f458b_19e3a8482f8_-1dd8,6220887,,,,,,,-1,0,-1,,,3637,DEA_087,Parking Camas (Fuera cabina control),"PLAZA ENRIQUE GARCÍA-HERRERA, 18",,jmcano@smassa.es,,08:00-22:00,,MUNICIPAL,No,No,952220742,,POINT (-4.42442234112277 36.71981850672205),No,82
da_desfibriladores.fid--3b3f458b_19e3a8482f8_-1dd7,6220888,,,,,,,-1,0,-1,,,80473,DEA_830,PISTAS DEPORT. BURRITO,"CALLE VICENTE ALEIXANDRE, 8",,escualfutbolsaladavidburrito@gmail.com,,L-V DE 16.00 A 22.00 Sábado y domingo cuando hay partido,,MUNICIPAL,No,No,,,POINT (-4.444116512321079 36.6998174313158),No,82
da_desfibriladores.fid--3b3f458b_19e3a8482f8_-1dd6,6220889,,,,,,,-1,0,-1,,,3633,DEA_083,Parking San Juan (cabina control),"CALLE COMPOSITOR LEHMBERG RUIZ, 18",,jmcano@smassa.es,,08:00-22:00,,MUNICIPAL,No,No,952612642,,POINT (-4.432675732007321 36.71797918318357),No,82
da_desfibriladores.fid--3b3f458b_19e3a8482f8_-1dd5,6220890,,,,,,,-1,0,-1,,,79638,DEA_790,TÓTEM C/ GRAN BRETAÑA,"CALLE GRAN BRETAÑA, 5",,jtoscano@malaga.eu,,24h,,MUNICIPAL,No,No,,,POINT (-4.490174702707622 36.70381488719451),Si,92
da_desfibriladores.fid--3b3f458b_19e3a8482f8_-1dd4,6220891,,,,,,,-1,0,-1,,,13050,DEA_479,CEIP SALVADOR RUEDA,"CALLE DONATO JIMÉNEZ, 8",,29009259.edu@juntadeandalucia.es,,L a V de 9:00 a 14:00 h.,,PRIVADA,No,No,951298739,,POINT (-4.4220571973093445 36.73946493849407),No,82
da_desfibriladores.fid--3b3f458b_19e3a8482f8_-1dd3,6220892,,,,,,,-1,0,-1,,,7138,DEA_211,Centro Ciudadano Puerta Málaga (Pasillo),"CALLE DOLORES IBÁRRURI, 12",,nani1966-3@hotmail.com,,M y J de 16:30 a 19:30 h.,,MUNICIPAL,No,No,677389112,,POINT (-4.463070633617788 36.69670351399584),No,82
da_desfibriladores.fid--3b3f458b_19e3a8482f8_-1dd2,6220893,,,,,,,-1,0,-1,,,8308,DEA_249,EMPRESA EMASA Peñon (Armario entrada edificio central),"CALLE PEZ ESPADA, 3",,registro@emasa.es,,24h,,PRIVADA,No,No,682796002,,POINT (-4.332765424828514 36.72070695971217),Si,92
da_desfibriladores.fid--3b3f458b_19e3a8482f8_-1dd1,6220894,,,,,,,-1,0,-1,,,7004,DEA_668,UMA Escuela Intantil (Vestibulo entrada modulo 1),"BULEVAR LOUIS PASTEUR, 23",,,,L-V 8:00 a 21:00 hotario lectivo,,PRIVADA,No,No,952131113,,POINT (-4.4681263013061985 36.71691875952398),No,82
da_desfibriladores.fid--3b3f458b_19e3a8482f8_-1dd0,6220895,,,,,,,-1,0,-1,,,65526,DEA_734,UMA IHSM,"BULEVAR LOUIS PASTEUR, 49",,prevencion@uma.es,,De 09:00 a 21:00 h. En horario lectivo.,,PRIVADA,No,No,951952983,,POINT (-4.498063564240006 36.71902621396308),No,82
da_desfibriladores.fid--3b3f458b_19e3a8482f8_-1dcf,6220896,,,,,,,-1,0,-1,,,4022,DEA_567,EMPRESA Vals Sport Churriana( recepción),"CALLE MAESTRO TOMÁS BRETÓN, 35",,majimenez@valssport.com,,"L a V: 7:30h A 22:30h
Sábados, Domingos y Fest. 09:00 a 15:00 h",,PRIVADA,No,No,952622262,,POINT (-4.502316170130676 36.661806439725105),No,82
da_desfibriladores.fid--3b3f458b_19e3a8482f8_-1dce,6220897,,,,,,,-1,0,-1,,,6826,DEA_562,METRO Estación Andalucía Tech,"BULEVAR LOUIS PASTEUR, 48",,j.ocana@metromalaga.es,,24h.,,PRIVADA,No,No,952061641,,POINT (-4.493969368837486 36.71868436159402),Si,92
da_desfibriladores.fid--3b3f458b_19e3a8482f8_-1dcd,6220898,,,,,,,-1,0,-1,,,7165,DEA_217,Centro Ciudadano Antonio Beltrán Lucena (Hall a la derecha),"CALLE JACOB, 22",,montillaanama@hotmail.com,,L a V 8:00 a 14:00 y 17:00 a 20:00 h.,,MUNICIPAL,No,No,667852983,,POINT (-4.549029399064604 36.72767112879028),No,82
da_desfibriladores.fid--3b3f458b_19e3a8482f8_-1dcc,6220899,,,,,,,-1,0,-1,,,74519,DEA_766,"TOTEM (Praga,12)","CALLE PRAGA, 12",,jtoscano@malaga.eu,,24 h.,,MUNICIPAL,No,No,682760873,,POINT (-4.544311012878873 36.723392063921935),Si,92
da_desfibriladores.fid--3b3f458b_19e3a8482f8_-1dcb,6220900,,,,,,,-1,0,-1,,,7026,DEA_673,"UMA Aulario ""Juan Antonio Ramírez"" (Entrada Dcha.)","AVENIDA DEL DOCTOR MANUEL DOMÍNGUEZ, 10",,,,08:00 a 21:00 horario lectivo,,OTRAS,No,No,952132298,,POINT (-4.467838705953206 36.71532546203637),No,82
da_desfibriladores.fid--3b3f458b_19e3a8482f8_-1dca,6220901,,,,,,,-1,0,-1,,,6684,DEA_596,"EMPRESA El Corte Inglés Bahía Málaga (Planta baja, zona joyería)","CALLE HAMLET, 2",,,,10:00 a 22:00,,PRIVADA,No,No,952350605,,POINT (-4.459623570637255 36.71034947782662),No,82
da_desfibriladores.fid--3b3f458b_19e3a8482f8_-1dc9,6220902,,,,,,,-1,0,-1,,,8311,DEA_251,"EMPRESA EMASA (Edar Guadalhorce, garita de entrada, armario enfrente vigilante)","CARRETERA AZUCARERA-INTELHORCE, 1",,registro@emasa.es,,24H,,PRIVADA,No,No,683770131,,POINT (-4.472876549119935 36.68307875940878),Si,92
da_desfibriladores.fid--3b3f458b_19e3a8482f8_-1dc8,6220903,,,,,,,-1,0,-1,,,7005,DEA_669,UMA Compl. Polideportivo (2ªPlanta Información),"BULEVAR LOUIS PASTEUR, 41",,,,L-V 08:00 a 21:00 horario Lectivo,,PRIVADA,No,No,951953030,,POINT (-4.480864292941657 36.71582816178127),No,82
da_desfibriladores.fid--3b3f458b_19e3a8482f8_-1dc7,6220904,,,,,,,-1,0,-1,,,12766,DEA_285,ASPAYM MALAGA,"CALLE ARISTÓFANES, 8",,info@aspaymmalaga.com,,De lunes a viernes de 8:00 a 15:00 y de 16:00 a 20:00 horas.,,MUNICIPAL,No,No,,,POINT (-4.482353437928271 36.72156038439471),No,82
da_desfibriladores.fid--3b3f458b_19e3a8482f8_-1dc6,6220905,,,,,,,-1,0,-1,,,14306,DEA_723,BIBLIOTECA MUNICIPAL VICENTE ESPINEL,"CALLE ESCRITORA MATILDE DEL NIDO, 1",,rdelgado@malaga.eu,,"L-V de 09:00-21:00h
S- 09:00-14:00",,MUNICIPAL,No,No,951926187,,POINT (-4.482503563505863 36.738223563025585),No,82
da_desfibriladores.fid--3b3f458b_19e3a8482f8_-1dc5,6220906,,,,,,,-1,0,-1,,,80437,DEA_820,CEIP JULIO CARO BAROJA (CENTESIMAL),"CALLE CONDE LUCANOR, 2",,areainnovacion@malaga.eu,,7:00-18:00 (L-V),,PRIVADA,No,No,951298544,,POINT (-4.460839747838885 36.66918500086549),No,63
da_desfibriladores.fid--3b3f458b_19e3a8482f8_-1dc4,6220907,,,,,,,-1,0,-1,,,9092,DEA_628,EMPRESA Banco Unicaja  (dependencias del Servicio Médico Eurocom),"CALLE MAURICIO MORO PARETO, 6",,mhorcaja@unicaja.es,,L a V   de 08:00 a 15:00 horas.,,PRIVADA,No,No,952138248,,POINT (-4.434937509958795 36.71467906764283),No,82
da_desfibriladores.fid--3b3f458b_19e3a8482f8_-1dc3,6220908,,,,,,,-1,0,-1,,,4247,DEA_540,CENTRO DE SALUD El Consul (admisión),"CALLE DE ANDRÓMEDA, 17",,raul.arenas.sspa@juntadeandalucia.es,,L a V de 8 a 20 h,,AUTONOMICA,No,No,951924386,,POINT (-4.476598195024095 36.72382645626276),No,82
da_desfibriladores.fid--3b3f458b_19e3a8482f8_-1dc2,6220909,,,,,,,-1,0,-1,,,14724,DEA_730,CEMENTERIO-PARCEMASA,"CAMINO SANTA INÉS, 5",,fgalvez@parcemasa.es,,24 h.,,MUNICIPAL,No,No,952434100,,POINT (-4.53488735099352 36.72119798187987),Si,92
da_desfibriladores.fid--3b3f458b_19e3a8482f8_-1dc1,6220910,,,,,,,-1,0,-1,,,6904,DEA_199,ÁREA Cementerio - Parcemasa (Servicio control),"CAMINO SANTA INÉS, 89",,fgalvez@parcemasa.es,,En servicio control y cabina control disponible las 24 horas.,,MUNICIPAL,No,No,952434100,,POINT (-4.517660830834893 36.72211099779722),No,82
da_desfibriladores.fid--3b3f458b_19e3a8482f8_-1dc0,6220911,,,,,,,-1,0,-1,,,7137,DEA_210,Centro Ciudadano Francisco García Lozano (Sala de usos múltiples),"CALLE DE JULIO MATHIAS, 10",,a.d.m.barriodelavictoria@outlook.es,,L a V 8:30 a 13:30 y 17:00 a 20:00 h.,,MUNICIPAL,No,No,952267769,,POINT (-4.415785495709817 36.72840004570396),No,82
da_desfibriladores.fid--3b3f458b_19e3a8482f8_-1dbf,6220912,,,,,,,-1,0,-1,,,7225,DEA_221,CULTURA Casa de la Cultura Gerald Brenan (Hall),"CALLE TORREMOLINOS, 56",,dnavas@malaga.eu,,L a V 17:00 a 20:00 h.,,MUNICIPAL,No,No,649964684,,POINT (-4.504531163469758 36.664844703635545),No,82
da_desfibriladores.fid--3b3f458b_19e3a8482f8_-1dbe,6220913,,,,,,,-1,0,-1,,,3684,DEA_109,CULTURA Museo Ruso (Recepción),"AVENIDA DE SOR TERESA PRAT, 15",,mm.coordinador@grupo-omega.es,,Martes a Domingo  09:30 a 20:00 h,,MUNICIPAL,No,No,689556790,,POINT (-4.438451917680554 36.69923751049599),No,82
da_desfibriladores.fid--3b3f458b_19e3a8482f8_-1dbd,6220914,,,,,,,-1,0,-1,,,3755,DEA_126,CULTURA Museo del Automovil (junto Taquilla),"AVENIDA DE SOR TERESA PRAT, 15",,mantenimiento1museoautomovil@gmail.com,,De lunea a domingo de 10:00 a 14:30 h y de 16:00 a 19:00 h.,,MUNICIPAL,No,No,687073465,,POINT (-4.43860159735414 36.69985261560033),No,82
da_desfibriladores.fid--3b3f458b_19e3a8482f8_-1dbc,6220915,,,,,,,-1,0,-1,,,3756,DEA_127,Polo Digital (Promálaga) ( entrada ppal),"AVENIDA DE SOR TERESA PRAT, 15",,aquiros@polodigital.eu,,L a D 07:00 a 23:00h.,,MUNICIPAL,No,No,952026969,,POINT (-4.43961987416519 36.69939828913307),No,82
da_desfibriladores.fid--3b3f458b_19e3a8482f8_-1dbb,6220916,,,,,,,-1,0,-1,,,13128,DEA_504,MUSEO DEL AUTOMOVIL( Recepción),"AVENIDA DE SOR TERESA PRAT, 15",,mantenimiento1museoautomovil@gmail.com,,L- D De 10:00 a 14:30 h y De 16:00 a 19:00 h,,MUNICIPAL,No,No,687073465,,POINT (-4.439565040069916 36.69963426996169),No,82
da_desfibriladores.fid--3b3f458b_19e3a8482f8_-1dba,6220917,,,,,,,-1,0,-1,,,3766,DEA_152,OMAC  Carretera Cádiz.( Entrada Dcha.),"AVENIDA DE SOR TERESA PRAT, 15",,jcgiardin@malaga.eu,,"L - V DE 8:00 A 14:00 H
",,MUNICIPAL,No,No,,,POINT (-4.439338419426483 36.69976420916464),No,82
da_desfibriladores.fid--3b3f458b_19e3a8482f8_-1db9,6220918,,,,,,,-1,0,-1,,,80139,DEA_813,MERCADO DE CARRANQUE (CENTESIMAL),"CALLE VIRGEN DE LA ESPERANZA, 18",,areainnovacion@malaga.eu,,8:00-14:00h L-V y 9:00-14:00h S,,PRIVADA,No,No,952135584,,POINT (-4.4461269616295285 36.7169719356891),No,65
da_desfibriladores.fid--3b3f458b_19e3a8482f8_-1db8,6220919,,,,,,,-1,0,-1,,,9208,DEA_263,"Parque Central Los Ruices (SEDE). (Edificio Taller, junto a Verificadores: puesto de control de acceso).","CAMINO MEDIO AMBIENTAL, 23",,egranadosm@limpiezademalaga.es   sjimenezm@limpiezademalaga.es,,24h,,PRIVADA,No,No,952232280,,POINT (-4.501125260517393 36.72433495150523),Si,92
da_desfibriladores.fid--3b3f458b_19e3a8482f8_-1db7,6220920,,,,,,,-1,0,-1,,,9209,DEA_264,Parque Central Los Ruices (SEDE). (GARITA DE VIGILANCIA ENTRADA- Puesto de control de acceso),"CAMINO MEDIO AMBIENTAL, 23",,Contacto 1: egranadosm@limpiezademalaga.es Contacto 2: sjimenezm@limpiezademalaga.es,,"Acceso 24h contactando con Puesto de Control de Acceso. 
",,PRIVADA,No,No,952232280,,POINT (-4.501105885358053 36.72435427549258),Si,92
da_desfibriladores.fid--3b3f458b_19e3a8482f8_-1db6,6220921,,,,,,,-1,0,-1,,,74506,DEA_754,Parque Central Los Ruices (SEDE). GARITA DE VIGILANCIA ENTRADA,"CAMINO MEDIO AMBIENTAL, 23",,,,"Posibilidad de acceso 24h contactando con Puesto de Control
de Acceso",,PRIVADA,No,No,952232280,,POINT (-4.500908668115879 36.72436948277419),Si,92
da_desfibriladores.fid--3b3f458b_19e3a8482f8_-1db5,6220922,,,,,,,-1,0,-1,,,80462,DEA_828,PARQUE CENTRAL LIMASA (CENTESIMAL),"CAMINO MEDIO AMBIENTAL, 23",,areainnovacion@malaga.eu,,24H,,PRIVADA,No,No,952232280,,POINT (-4.500908668115879 36.72436948277419),No,84
da_desfibriladores.fid--3b3f458b_19e3a8482f8_-1db4,6220923,,,,,,,-1,0,-1,,,14184,DEA_697,GESTRISAM,"AVENIDA DE SOR TERESA PRAT, 17",,jcortes@malaga.eu,,L a V 7:15 a 16:00 h.,,MUNICIPAL,No,No,951927301,,POINT (-4.44041607777594 36.69868387126817),No,82
da_desfibriladores.fid--3b3f458b_19e3a8482f8_-1db3,6220924,,,,,,,-1,0,-1,,,79098,DEA_787,EMPRESA CLUB DEPORTIVO NAGARE,"CAMINO DE SAN RAFAEL, 91",,nagareclub@mail.com,,laborales de 17.00 a 21.30,,PRIVADA,No,No,,,POINT (-4.45218853310647 36.70514095222968),No,82
da_desfibriladores.fid--3b3f458b_19e3a8482f8_-1db2,6220925,,,,,,,-1,0,-1,,,10365,DEA_271,"EMT, COCHERA","CAMINO DE SAN RAFAEL, 97",,mantenimiento@cordis-group.com,,L a V de 08:00 a 15:00 h.,,PRIVADA,No,No,951015370,,POINT (-4.453765762625576 36.70417254468199),No,82
da_desfibriladores.fid--3b3f458b_19e3a8482f8_-1db1,6220926,,,,,,,-1,0,-1,,,11824,DEA_286,EMT EN EL TALLER,"CAMINO DE SAN RAFAEL, 97",,fvilalobos@emtsam.es,,24 H.,,MUNICIPAL,No,No,645257489,,POINT (-4.453849276827632 36.70420332424794),Si,92
da_desfibriladores.fid--3b3f458b_19e3a8482f8_-1db0,6220927,,,,,,,-1,0,-1,,,14344,DEA_724,"TOTEM (CAMINO SAN RAFAEL, 7)","CAMINO DE SAN RAFAEL, 7",,jtoscano@malaga.eu,,24 h.,,MUNICIPAL,No,No,682760873,,POINT (-4.442116126329782 36.71117367426315),Si,92
da_desfibriladores.fid--3b3f458b_19e3a8482f8_-1daf,6220928,,,,,,,-1,0,-1,,,7139,DEA_212,Centro Social de Mayores Puerta Blanca (Pasillo),"CALLE VIÑA DEL MAR, 6",,hogarjubiladospuertablanca@gmail.com,,De lunes a viernes de 10:0 a 13:00 y de 17:00 a 20:00.,,MUNICIPAL,No,No,605430082,,POINT (-4.453988598519723 36.69173861572458),No,82
da_desfibriladores.fid--3b3f458b_19e3a8482f8_-1dae,6220929,,,,,,,-1,0,-1,,,3768,DEA_154,"Área de Juventud (planta baja, entrada)","CALLE ROGER DE FLOR, 1",,arpuente@malaga.eu,,"L a V: 8:00 a 21:30 h.

",,MUNICIPAL,No,No,951929293,,POINT (-4.433269396103811 36.71300907241277),No,82
da_desfibriladores.fid--3b3f458b_19e3a8482f8_-1dad,6220930,,,,,,,-1,0,-1,,,14246,DEA_707,MERCADO DEL CARMEN,"CALLE SENADOR FRANCISCO ROMÁN, 1",,mnaranjo@malaga.eu,,L a S de 8:00 a 15:00 h.,,MUNICIPAL,No,No,607705451,,POINT (-4.429782848666741 36.71412581604457),No,82
da_desfibriladores.fid--3b3f458b_19e3a8482f8_-1dac,6220931,,,,,,,-1,0,-1,,,4241,DEA_535,CENTRO DE SALUD Puerta Blanca (espacio atención urgente),"AVENIDA DE GREGORIO DIEGO, 46",,direccion.d.malaga.sspa@juntadeandalucia.es,,L a V de 8 a 20 h,,AUTONOMICA,No,No,951308519,,POINT (-4.4490651619054065 36.687992684593475),No,82
da_desfibriladores.fid--3b3f458b_19e3a8482f8_-1dab,6220932,,,,,,,-1,0,-1,,,13725,DEA_358,CENTRO DE USOS MULTIPLES,"PLAZA NIÑA DE LOS PEINES, 1",,dnavas@malaga.eu,,L a V 9:00 a 14:00 y 16:00 a 21:00 h.,,MUNICIPAL,No,No,951929371,,POINT (-4.500709987126703 36.666494202865266),No,82
da_desfibriladores.fid--3b3f458b_19e3a8482f8_-1daa,6220933,,,,,,,-1,0,-1,,,3218,DEA_059,ÁREA Servicios Operativos (Garita),"CAMINO DE SAN RAFAEL, 99",,msalazar@malaga.eu,,L-D 24 horas,,MUNICIPAL,No,No,951926946,,POINT (-4.45442239864869 36.70417565744307),Si,92
da_desfibriladores.fid--3b3f458b_19e3a8482f8_-1da9,6220934,,,,,,,-1,0,-1,,,80042,DEA_797,TOTEM ALAMEDA DE CAPUCHINOS,"ALAMEDA DE CAPUCHINOS, 27",,jtoscano@malaga.eu,,24H,,MUNICIPAL,No,No,,,POINT (-4.41975342793468 36.73026381909169),Si,92
da_desfibriladores.fid--3b3f458b_19e3a8482f8_-1da8,6220935,,,,,,,-1,0,-1,,,11933,DEA_394,"TOTEM (C/ Torremolinos, 31)","CALLE TORREMOLINOS, 31",,jtoscano@malaga.eu,,24 HORAS,,MUNICIPAL,No,No,,,POINT (-4.503895474077383 36.66576672098412),Si,92
da_desfibriladores.fid--3b3f458b_19e3a8482f8_-1da7,6220936,,,,,,,-1,0,-1,,,3214,DEA_006,"Centro Ciudadano ""Valle Inclan"" Palma (Entrando a la Izquierda)","AVENIDA DE LA PALMILLA, 16",,css5@malaga.eu,,de L a S  8:30  a 20:30 h.,,MUNICIPAL,No,No,952288382,,POINT (-4.426279926736941 36.73792602786984),No,82
da_desfibriladores.fid--3b3f458b_19e3a8482f8_-1da6,6220937,,,,,,,-1,0,-1,,,12944,DEA_447,EDUCACION CPD Nuestra Señora de la Victoria - Colegio Maristas,"PLAZA DE LA VICTORIA, 20",,direccionmalaha@maristasmediterran,,Lunes a Viernes de 7:45H a 14:45H,,PRIVADA,No,No,,,POINT (-4.414030651665922 36.726513783295864),No,82
da_desfibriladores.fid--3b3f458b_19e3a8482f8_-1da5,6220938,,,,,,,-1,0,-1,,,10566,DEA_643,EMPRESA Vals Sport Ave María (Recepción),"AVENIDA DE SOR TERESA PRAT, 53",,,,09:00 – 14:00 / 17:00 – 23:00,,PRIVADA,No,No,951464294,,POINT (-4.44206075269595 36.69616998317024),No,82
da_desfibriladores.fid--3b3f458b_19e3a8482f8_-1da4,6220939,,,,,,,-1,0,-1,,,13046,DEA_476,EDUCACION ESCUELAS DEL AVE MARIA,"AVENIDA DE SOR TERESA PRAT, 51",,escuelasavemaria@escuelasavemaria.com,,L a V 8:00 a 10:00h.,,PRIVADA,No,No,952351322,,POINT (-4.441782827849752 36.69665687161181),No,82
da_desfibriladores.fid--3b3f458b_19e3a8482f8_-1da3,6220940,,,,,,,-1,0,-1,,,4083,DEA_573,EMPRESA Marina Club Mediterráneo.  Entrada,"PASEO DE LEVANTE, 2",,frivera@realclubmediterreaneo.com,,07:00h a 10:30h,,PRIVADA,No,No,661914247,,POINT (-4.412546077329905 36.70885680083037),No,82
da_desfibriladores.fid--3b3f458b_19e3a8482f8_-1da2,6220941,,,,,,,-1,0,-1,,,3901,DEA_185,CENTRO DE ENVEJECIMIENTO SALUDABLE,"PLAZA PEPITO VARGAS, 1",,frmontero@malaga.eu,,24 h.,,MUNICIPAL,No,No,951928434,,POINT (-4.430814022210282 36.72218287537776),No,82
da_desfibriladores.fid--3b3f458b_19e3a8482f8_-1da1,6220942,,,,,,,-1,0,-1,,,12606,DEA_457,Novotel Suites Málaga Centro (Recepción),"CALLE SAN JACINTO, 7",,,,24h,,PRIVADA,No,No,952614296,,POINT (-4.427251223523645 36.71878378704178),Si,92
da_desfibriladores.fid--3b3f458b_19e3a8482f8_-1da0,6220943,,,,,,,-1,0,-1,,,3988,DEA_553,METRO Puesto de Control (Vestíbulo),"CAMINO SANTA INÉS, 1",,j.ocana@metromalaga.es,,24h,,PRIVADA,No,No,952061641,,POINT (-4.533713199017996 36.7209575941153),Si,92
da_desfibriladores.fid--3b3f458b_19e3a8482f8_-1d9f,6220944,,,,,,,-1,0,-1,,,9205,DEA_260,Parque Central Los Ruices (SEDE). Los Ruices (CAM- Despacho de coordinadores.),"CAMINO MEDIO AMBIENTAL, 10",,egranadosm@limpiezademalaga.es   sjimenezm@limpiezademalaga.es,,8:00-15:00 (8:00-14:00 en verano). Posibilidad de 24h contactando con Puesto de Báscula.,,PRIVADA,No,No,951440200,,POINT (-4.5030512733052035 36.72731564289378),Si,92
da_desfibriladores.fid--3b3f458b_19e3a8482f8_-1d9e,6220945,,,,,,,-1,0,-1,,,9207,DEA_262,"Centro Ambiental de Málaga Los Ruices (Entrada, dentro el edificio situado enfrente de garita de báscula junto a la puerta)","CAMINO MEDIO AMBIENTAL, 10",,egranadosm@limpiezademalaga.es   sjimenezm@limpiezademalaga.es,,"8:00h – 15:00h (8:00h – 14:00h horario de verano).
Posibilidad de acceso 24h contactando con Puesto de
Báscula.",,PRIVADA,No,No,951440200,,POINT (-4.503155982636528 36.72863399049139),Si,92
da_desfibriladores.fid--3b3f458b_19e3a8482f8_-1d9d,6220946,,,,,,,-1,0,-1,,,7140,DEA_213,"Centro Ciudadano Tiro de Pichón "" Narda Alcantara"" (Hall a la derecha)","CALLE RÍO TÁVORA, 2",,paqui.quintana07@gmail.com,,L a V 8:00 a 20:00  y S 8:00 a 17:00 h.,,MUNICIPAL,No,No,667809935,,POINT (-4.453541586163037 36.71223442880303),No,82
da_desfibriladores.fid--3b3f458b_19e3a8482f8_-1d9c,6220947,,,,,,,-1,0,-1,,,3514,DEA_651,UMA Facultad  Estudios Sociales y Comercio (Conserjería),"AVENIDA FRANCISCO TRUJILLO VILLANUEVA, 1",,,,"L-V de 8 a 21 h.
",,PRIVADA,No,No,951952150,,POINT (-4.495350245680149 36.715253885242355),No,82
da_desfibriladores.fid--3b3f458b_19e3a8482f8_-1d9b,6220948,,,,,,,-1,0,-1,,,3515,DEA_652,UMA Facultad  Estudios Sociales y Comercio (Biblioteca),"AVENIDA FRANCISCO TRUJILLO VILLANUEVA, 1",,,,"L-V de 8 a 21 h.
",,UMA,No,No,952132413,,POINT (-4.495922580673646 36.71523397298131),No,82
da_desfibriladores.fid--3b3f458b_19e3a8482f8_-1d9a,127174907,,,,,,,-1,0,-1,,,,A18H-06975,Bus 717. Matrícula: 5967KRB. Línea:8. Actualizado el 18/05/2026 a las 12:00:13,,,,Inspector de servicio en puesto de controol SAE en Camino San Rafael,L-M-X-J-V-S-D de 06:00h de la mañana a 02:00h de madrugada,,EMT,,,952367212,,POINT (-4.427080967000966 36.7170078765787),,80
da_desfibriladores.fid--3b3f458b_19e3a8482f8_-1d99,127174908,,,,,,,-1,0,-1,,,,A19G-09208,Bus 731. Matrícula: 8425LCM. Línea:8. Actualizado el 18/05/2026 a las 12:00:23,,,,Inspector de servicio en puesto de controol SAE en Camino San Rafael,L-M-X-J-V-S-D de 06:00h de la mañana a 02:00h de madrugada,,EMT,,,952367212,,POINT (-4.3880882000008326 36.7223354925972),,80
da_desfibriladores.fid--3b3f458b_19e3a8482f8_-1d98,127174909,,,,,,,-1,0,-1,,,,A17L-11757,Bus 712. Matrícula: 5733KBW. Línea:4. Actualizado el 18/05/2026 a las 12:00:11,,,,Inspector de servicio en puesto de controol SAE en Camino San Rafael,L-M-X-J-V-S-D de 06:00h de la mañana a 02:00h de madrugada,,EMT,,,952367212,,POINT (-4.432037383000981 36.713877176567884),,80
da_desfibriladores.fid--3b3f458b_19e3a8482f8_-1d97,127174910,,,,,,,-1,0,-1,,,,A18B-01782,Bus 715. Matrícula: 3156KCB. Línea:4. Actualizado el 18/05/2026 a las 12:00:10,,,,Inspector de servicio en puesto de controol SAE en Camino San Rafael,L-M-X-J-V-S-D de 06:00h de la mañana a 02:00h de madrugada,,EMT,,,952367212,,POINT (-4.445004517001031 36.71155942655983),,80
da_desfibriladores.fid--3b3f458b_19e3a8482f8_-1d96,127174911,,,,,,,-1,0,-1,,,,A18B-01908,Bus 713. Matrícula: 2908KCB. Línea:4. Actualizado el 18/05/2026 a las 12:00:16,,,,Inspector de servicio en puesto de controol SAE en Camino San Rafael,L-M-X-J-V-S-D de 06:00h de la mañana a 02:00h de madrugada,,EMT,,,952367212,,POINT (-4.463832100001108 36.71730400957958),,80
da_desfibriladores.fid--3b3f458b_19e3a8482f8_-1d95,127174912,,,,,,,-1,0,-1,,,,A23B-09255,Bus 756. Matrícula: 0209MGP. Línea:21. Actualizado el 18/05/2026 a las 12:01:37,,,,Inspector de servicio en puesto de controol SAE en Camino San Rafael,L-M-X-J-V-S-D de 06:00h de la mañana a 02:00h de madrugada,,EMT,,,952367212,,POINT (-4.472904067001141 36.73250855963194),,80
da_desfibriladores.fid--3b3f458b_19e3a8482f8_-1d94,127174913,,,,,,,-1,0,-1,,,,A18H-06996,Bus 639. Matrícula: 2406JBC. Línea:21. Actualizado el 18/05/2026 a las 12:00:10,,,,Inspector de servicio en puesto de controol SAE en Camino San Rafael,L-M-X-J-V-S-D de 06:00h de la mañana a 02:00h de madrugada,,EMT,,,952367212,,POINT (-4.480349383001175 36.73781457665018),,80
da_desfibriladores.fid--3b3f458b_19e3a8482f8_-1d93,127174914,,,,,,,-1,0,-1,,,,A18H-06965,Bus 637. Matrícula: 2413JBC. Línea:Sin servicio. Actualizado el 18/05/2026 a las 12:01:48,,,,Inspector de servicio en puesto de controol SAE en Camino San Rafael,L-M-X-J-V-S-D de 06:00h de la mañana a 02:00h de madrugada,,EMT,,,952367212,,POINT (-4.452344433001061 36.70325079253111),,80
da_desfibriladores.fid--3b3f458b_19e3a8482f8_-1d92,127174915,,,,,,,-1,0,-1,,,,A23B-09219,Bus 759. Matrícula: 7862MHM. Línea:21. Actualizado el 18/05/2026 a las 12:01:27,,,,Inspector de servicio en puesto de controol SAE en Camino San Rafael,L-M-X-J-V-S-D de 06:00h de la mañana a 02:00h de madrugada,,EMT,,,952367212,,POINT (-4.414256850000921 36.72005515958927),,80
da_desfibriladores.fid--3b3f458b_19e3a8482f8_-1d91,127174916,,,,,,,-1,0,-1,,,,A23B-09257,Bus 757. Matrícula: 7679MHM. Línea:2. Actualizado el 18/05/2026 a las 12:01:18,,,,Inspector de servicio en puesto de controol SAE en Camino San Rafael,L-M-X-J-V-S-D de 06:00h de la mañana a 02:00h de madrugada,,EMT,,,952367212,,POINT (-4.4217654830009465 36.74883542668832),,80
da_desfibriladores.fid--3b3f458b_19e3a8482f8_-1d90,127174917,,,,,,,-1,0,-1,,,,A23B-09234,Bus 766. Matrícula: 8433MJF. Línea:21. Actualizado el 18/05/2026 a las 12:00:25,,,,Inspector de servicio en puesto de controol SAE en Camino San Rafael,L-M-X-J-V-S-D de 06:00h de la mañana a 02:00h de madrugada,,EMT,,,952367212,,POINT (-4.4968623000012435 36.75971184272539),,80
da_desfibriladores.fid--3b3f458b_19e3a8482f8_-1d8f,127174918,,,,,,,-1,0,-1,,,,A23B-09131,Bus 767. Matrícula: 0767MJT. Línea:14. Actualizado el 18/05/2026 a las 12:02:00,,,,Inspector de servicio en puesto de controol SAE en Camino San Rafael,L-M-X-J-V-S-D de 06:00h de la mañana a 02:00h de madrugada,,EMT,,,952367212,,POINT (-4.42783191700097 36.71666192657752),,80
da_desfibriladores.fid--3b3f458b_19e3a8482f8_-1d8e,127174919,,,,,,,-1,0,-1,,,,A23B-09142,Bus 768. Matrícula: 0724MJT. Línea:71. Actualizado el 18/05/2026 a las 12:00:56,,,,Inspector de servicio en puesto de controol SAE en Camino San Rafael,L-M-X-J-V-S-D de 06:00h de la mañana a 02:00h de madrugada,,EMT,,,952367212,,POINT (-4.415532450000925 36.73282359263327),,80
da_desfibriladores.fid--3b3f458b_19e3a8482f8_-1d8d,127174920,,,,,,,-1,0,-1,,,,A23B-09561,Bus 769. Matrícula: 0744MJT. Línea:32. Actualizado el 18/05/2026 a las 12:00:58,,,,Inspector de servicio en puesto de controol SAE en Camino San Rafael,L-M-X-J-V-S-D de 06:00h de la mañana a 02:00h de madrugada,,EMT,,,952367212,,POINT (-4.4001096170008696 36.7255943096084),,80
da_desfibriladores.fid--3b3f458b_19e3a8482f8_-1d8c,127174921,,,,,,,-1,0,-1,,,,A23B-09235,Bus 770. Matrícula: 9192MJF. Línea:33. Actualizado el 18/05/2026 a las 12:00:48,,,,Inspector de servicio en puesto de controol SAE en Camino San Rafael,L-M-X-J-V-S-D de 06:00h de la mañana a 02:00h de madrugada,,EMT,,,952367212,,POINT (-4.410347300000906 36.720955959592395),,80
da_desfibriladores.fid--3b3f458b_19e3a8482f8_-1d8b,127174922,,,,,,,-1,0,-1,,,,A23B-09555,Bus 771. Matrícula: 0703MJT. Línea:33. Actualizado el 18/05/2026 a las 12:00:15,,,,Inspector de servicio en puesto de controol SAE en Camino San Rafael,L-M-X-J-V-S-D de 06:00h de la mañana a 02:00h de madrugada,,EMT,,,952367212,,POINT (-4.378574900000803 36.72326090960044),,80
da_desfibriladores.fid--3b3f458b_19e3a8482f8_-1d8a,127174923,,,,,,,-1,0,-1,,,,A23B-08395,Bus 772. Matrícula: 0790MJT. Línea:2. Actualizado el 18/05/2026 a las 12:01:53,,,,Inspector de servicio en puesto de controol SAE en Camino San Rafael,L-M-X-J-V-S-D de 06:00h de la mañana a 02:00h de madrugada,,EMT,,,952367212,,POINT (-4.4249898500009595 36.73353264263566),,80
da_desfibriladores.fid--3b3f458b_19e3a8482f8_-1d89,127174924,,,,,,,-1,0,-1,,,,A23B-09253,Bus 773. Matrícula: 8642MJF. Línea:72. Actualizado el 18/05/2026 a las 12:01:48,,,,Inspector de servicio en puesto de controol SAE en Camino San Rafael,L-M-X-J-V-S-D de 06:00h de la mañana a 02:00h de madrugada,,EMT,,,952367212,,POINT (-4.437650983001004 36.71877885958477),,80
da_desfibriladores.fid--3b3f458b_19e3a8482f8_-1d88,127174925,,,,,,,-1,0,-1,,,,A23B-09471,Bus 774. Matrícula: 8506MJF. Línea:21. Actualizado el 18/05/2026 a las 12:00:13,,,,Inspector de servicio en puesto de controol SAE en Camino San Rafael,L-M-X-J-V-S-D de 06:00h de la mañana a 02:00h de madrugada,,EMT,,,952367212,,POINT (-4.429166650000975 36.720219109589756),,80
da_desfibriladores.fid--3b3f458b_19e3a8482f8_-1d87,127174926,,,,,,,-1,0,-1,,,,A25D-00210,Bus 791. Matrícula: 8873NCW. Línea:62. Actualizado el 18/05/2026 a las 12:00:07,,,,Inspector de servicio en puesto de controol SAE en Camino San Rafael,L-M-X-J-V-S-D de 06:00h de la mañana a 02:00h de madrugada,,EMT,,,952367212,,POINT (-4.49311856700123 36.74900700968861),,80
da_desfibriladores.fid--3b3f458b_19e3a8482f8_-1d86,127174927,,,,,,,-1,0,-1,,,,A25D-00141,Bus 792. Matrícula: 8874NCW. Línea:Sin servicio. Actualizado el 18/05/2026 a las 12:00:07,,,,Inspector de servicio en puesto de controol SAE en Camino San Rafael,L-M-X-J-V-S-D de 06:00h de la mañana a 02:00h de madrugada,,EMT,,,952367212,,POINT (-4.45257118300106 36.70269935952921),,80
da_desfibriladores.fid--3b3f458b_19e3a8482f8_-1d85,127174928,,,,,,,-1,0,-1,,,,A25D-00026,Bus 793. Matrícula: 8875NCW. Línea:Sin servicio. Actualizado el 18/05/2026 a las 12:01:48,,,,Inspector de servicio en puesto de controol SAE en Camino San Rafael,L-M-X-J-V-S-D de 06:00h de la mañana a 02:00h de madrugada,,EMT,,,952367212,,POINT (-4.373559117000788 36.721432826594146),,80
da_desfibriladores.fid--3b3f458b_19e3a8482f8_-1d84,127174929,,,,,,,-1,0,-1,,,,A25D-00026,Bus 794. Matrícula: 9433NCW. Línea:37. Actualizado el 18/05/2026 a las 12:00:57,,,,Inspector de servicio en puesto de controol SAE en Camino San Rafael,L-M-X-J-V-S-D de 06:00h de la mañana a 02:00h de madrugada,,EMT,,,952367212,,POINT (-4.415789883000923 36.72942454262154),,80
da_desfibriladores.fid--3b3f458b_19e3a8482f8_-1d83,127174930,,,,,,,-1,0,-1,,,,A25D-00134,Bus 795. Matrícula: 9436NCW. Línea:Sin servicio. Actualizado el 18/05/2026 a las 12:00:26,,,,Inspector de servicio en puesto de controol SAE en Camino San Rafael,L-M-X-J-V-S-D de 06:00h de la mañana a 02:00h de madrugada,,EMT,,,952367212,,POINT (-4.464552833001109 36.70618617654122),,80
da_desfibriladores.fid--3b3f458b_19e3a8482f8_-1d82,127174931,,,,,,,-1,0,-1,,,,A25D-00097,Bus 796. Matrícula: 9435NCW. Línea:34. Actualizado el 18/05/2026 a las 12:00:58,,,,Inspector de servicio en puesto de controol SAE en Camino San Rafael,L-M-X-J-V-S-D de 06:00h de la mañana a 02:00h de madrugada,,EMT,,,952367212,,POINT (-0.0000000000711828 0),,44
da_desfibriladores.fid--3b3f458b_19e3a8482f8_-1d81,127174932,,,,,,,-1,0,-1,,,,A25D-00287,Bus 797. Matrícula: 9437NCW. Línea:73. Actualizado el 18/05/2026 a las 12:01:58,,,,Inspector de servicio en puesto de controol SAE en Camino San Rafael,L-M-X-J-V-S-D de 06:00h de la mañana a 02:00h de madrugada,,EMT,,,952367212,,POINT (-4.389615183000838 36.727542909615146),,80
da_desfibriladores.fid--3b3f458b_19e3a8482f8_-1d80,127174933,,,,,,,-1,0,-1,,,,A25D-00278,Bus 800. Matrícula: 9440NCW. Línea:40. Actualizado el 18/05/2026 a las 12:01:13,,,,Inspector de servicio en puesto de controol SAE en Camino San Rafael,L-M-X-J-V-S-D de 06:00h de la mañana a 02:00h de madrugada,,EMT,,,952367212,,POINT (-4.446397983001036 36.68378155946387),,80
da_desfibriladores.fid--3b3f458b_19e3a8482f8_-1d7f,127174934,,,,,,,-1,0,-1,,,,A25D-00288,Bus 801. Matrícula: 9513NCW. Línea:Sin servicio. Actualizado el 18/05/2026 a las 12:00:26,,,,Inspector de servicio en puesto de controol SAE en Camino San Rafael,L-M-X-J-V-S-D de 06:00h de la mañana a 02:00h de madrugada,,EMT,,,952367212,,POINT (-4.469466483001129 36.69866780951522),,80
da_desfibriladores.fid--3b3f458b_19e3a8482f8_-1d7e,127174935,,,,,,,-1,0,-1,,,,A25D-00282,Bus 803. Matrícula: 9572NCW. Línea:34. Actualizado el 18/05/2026 a las 12:00:28,,,,Inspector de servicio en puesto de controol SAE en Camino San Rafael,L-M-X-J-V-S-D de 06:00h de la mañana a 02:00h de madrugada,,EMT,,,952367212,,POINT (-0.0000000000711828 0),,44
da_desfibriladores.fid--3b3f458b_19e3a8482f8_-1d7d,127174936,,,,,,,-1,0,-1,,,,A25F-03202,Bus 809. Matrícula: 1872NGT. Línea:20. Actualizado el 18/05/2026 a las 12:00:04,,,,Inspector de servicio en puesto de controol SAE en Camino San Rafael,L-M-X-J-V-S-D de 06:00h de la mañana a 02:00h de madrugada,,EMT,,,952367212,,POINT (-4.444116950001029 36.70997700955437),,80
da_desfibriladores.fid--3b3f458b_19e3a8482f8_-1d7c,127174937,,,,,,,-1,0,-1,,,,A25F-04513,Bus 810. Matrícula: 1871NGT. Línea:20. Actualizado el 18/05/2026 a las 12:02:00,,,,Inspector de servicio en puesto de controol SAE en Camino San Rafael,L-M-X-J-V-S-D de 06:00h de la mañana a 02:00h de madrugada,,EMT,,,952367212,,POINT (-4.421801150000946 36.7466679266809),,80
da_desfibriladores.fid--3b3f458b_19e3a8482f8_-1d7b,127174938,,,,,,,-1,0,-1,,,,A25F-09268,Bus 819. Matrícula: 1711NJM. Línea:Sin servicio. Actualizado el 18/05/2026 a las 12:00:11,,,,Inspector de servicio en puesto de controol SAE en Camino San Rafael,L-M-X-J-V-S-D de 06:00h de la mañana a 02:00h de madrugada,,EMT,,,952367212,,POINT (-4.468160750001128 36.698840726515826),,80
da_desfibriladores.fid--3b3f458b_19e3a8482f8_-1d7a,127174939,,,,,,,-1,0,-1,,,,A25F-09386,Bus 821. Matrícula: 1712NJM. Línea:72. Actualizado el 18/05/2026 a las 12:00:20,,,,Inspector de servicio en puesto de controol SAE en Camino San Rafael,L-M-X-J-V-S-D de 06:00h de la mañana a 02:00h de madrugada,,EMT,,,952367212,,POINT (-4.422179567000946 36.73133555962809),,80
da_desfibriladores.fid--3b3f458b_19e3a8482f8_-1d79,127174940,,,,,,,-1,0,-1,,,,A18H-06974,Bus 724. Matrícula: 9211KRN. Línea:8. Actualizado el 18/05/2026 a las 12:01:49,,,,Inspector de servicio en puesto de controol SAE en Camino San Rafael,L-M-X-J-V-S-D de 06:00h de la mañana a 02:00h de madrugada,,EMT,,,952367212,,POINT (-4.421767300000948 36.71778394258139),,80
da_desfibriladores.fid--3b3f458b_19e3a8482f8_-1d78,127174941,,,,,,,-1,0,-1,,,,A25F-04547,Bus 811. Matrícula: 6086NHJ. Línea:20. Actualizado el 18/05/2026 a las 12:01:00,,,,Inspector de servicio en puesto de controol SAE en Camino San Rafael,L-M-X-J-V-S-D de 06:00h de la mañana a 02:00h de madrugada,,EMT,,,952367212,,POINT (-4.474877217001152 36.698963892516225),,80
da_desfibriladores.fid--3b3f458b_19e3a8482f8_-1d77,127174942,,,,,,,-1,0,-1,,,,A25F-04805,Bus 812. Matrícula: 6087NHJ. Línea:Sin servicio. Actualizado el 18/05/2026 a las 12:00:55,,,,Inspector de servicio en puesto de controol SAE en Camino San Rafael,L-M-X-J-V-S-D de 06:00h de la mañana a 02:00h de madrugada,,EMT,,,952367212,,POINT (-0.0000000000711828 0),,44
da_desfibriladores.fid--3b3f458b_19e3a8482f8_-1d76,127174943,,,,,,,-1,0,-1,,,,A25F-04812,Bus 818. Matrícula: 9971NJF. Línea:20. Actualizado el 18/05/2026 a las 12:00:05,,,,Inspector de servicio en puesto de controol SAE en Camino San Rafael,L-M-X-J-V-S-D de 06:00h de la mañana a 02:00h de madrugada,,EMT,,,952367212,,POINT (-4.4248832000009575 36.717058659578875),,80
da_desfibriladores.fid--3b3f458b_19e3a8482f8_-1d75,127174944,,,,,,,-1,0,-1,,,,A25F-09376,Bus 827. Matrícula: 1701NJM. Línea:18. Actualizado el 18/05/2026 a las 12:00:02,,,,Inspector de servicio en puesto de controol SAE en Camino San Rafael,L-M-X-J-V-S-D de 06:00h de la mañana a 02:00h de madrugada,,EMT,,,952367212,,POINT (-4.462166483001099 36.720248476589745),,80
da_desfibriladores.fid--3b3f458b_19e3a8482f8_-1d74,127174945,,,,,,,-1,0,-1,,,,A20I-06996,Bus 734. Matrícula: 2264LRK. Línea:Sin servicio. Actualizado el 18/05/2026 a las 12:00:36,,,,Inspector de servicio en puesto de controol SAE en Camino San Rafael,L-M-X-J-V-S-D de 06:00h de la mañana a 02:00h de madrugada,,EMT,,,952367212,,POINT (-4.451346900001058 36.7033550595315),,80
da_desfibriladores.fid--3b3f458b_19e3a8482f8_-1d73,127174946,,,,,,,-1,0,-1,,,,A21J-09932,Bus 745. Matrícula: 6442LZP. Línea:3. Actualizado el 18/05/2026 a las 12:00:17,,,,Inspector de servicio en puesto de controol SAE en Camino San Rafael,L-M-X-J-V-S-D de 06:00h de la mañana a 02:00h de madrugada,,EMT,,,952367212,,POINT (-4.448503883001044 36.69756777651152),,80
da_desfibriladores.fid--3b3f458b_19e3a8482f8_-1d72,127174947,,,,,,,-1,0,-1,,,,A20I-06973,Bus 741. Matrícula: 2097LRK. Línea:75. Actualizado el 18/05/2026 a las 12:00:15,,,,Inspector de servicio en puesto de controol SAE en Camino San Rafael,L-M-X-J-V-S-D de 06:00h de la mañana a 02:00h de madrugada,,EMT,,,952367212,,POINT (-4.431662650000982 36.7108633925575),,80
da_desfibriladores.fid--3b3f458b_19e3a8482f8_-1d71,127174948,,,,,,,-1,0,-1,,,,A18H-06994,Bus 721. Matrícula: 5385KRK. Línea:15. Actualizado el 18/05/2026 a las 12:00:09,,,,Inspector de servicio en puesto de controol SAE en Camino San Rafael,L-M-X-J-V-S-D de 06:00h de la mañana a 02:00h de madrugada,,EMT,,,952367212,,POINT (-4.448820650001047 36.717619992580715),,80
da_desfibriladores.fid--3b3f458b_19e3a8482f8_-1d70,127174949,,,,,,,-1,0,-1,,,,A23B-09369,Bus 763. Matrícula: 8939MHR. Línea:Sin servicio. Actualizado el 18/05/2026 a las 12:01:53,,,,Inspector de servicio en puesto de controol SAE en Camino San Rafael,L-M-X-J-V-S-D de 06:00h de la mañana a 02:00h de madrugada,,EMT,,,952367212,,POINT (-4.428464117000973 36.71588547657482),,80
da_desfibriladores.fid--3b3f458b_19e3a8482f8_-1d6f,127174950,,,,,,,-1,0,-1,,,,A23B-09461,Bus 761. Matrícula: 8911MHR. Línea:Sin servicio. Actualizado el 18/05/2026 a las 12:00:42,,,,Inspector de servicio en puesto de controol SAE en Camino San Rafael,L-M-X-J-V-S-D de 06:00h de la mañana a 02:00h de madrugada,,EMT,,,952367212,,POINT (-4.444464967001033 36.72161979259453),,80
da_desfibriladores.fid--3b3f458b_19e3a8482f8_-1d6e,127174951,,,,,,,-1,0,-1,,,,A23B-09258,Bus 762. Matrícula: 8878MHR. Línea:2. Actualizado el 18/05/2026 a las 12:01:58,,,,Inspector de servicio en puesto de controol SAE en Camino San Rafael,L-M-X-J-V-S-D de 06:00h de la mañana a 02:00h de madrugada,,EMT,,,952367212,,POINT (-4.423800000000955 36.749013042688944),,80
da_desfibriladores.fid--3b3f458b_19e3a8482f8_-1d6d,127174952,,,,,,,-1,0,-1,,,,A23B-09254,Bus 765. Matrícula: 5543MHY. Línea:32. Actualizado el 18/05/2026 a las 12:00:19,,,,Inspector de servicio en puesto de controol SAE en Camino San Rafael,L-M-X-J-V-S-D de 06:00h de la mañana a 02:00h de madrugada,,EMT,,,952367212,,POINT (-4.428325050000971 36.71664700957747),,80
da_desfibriladores.fid--3b3f458b_19e3a8482f8_-1d6c,127174953,,,,,,,-1,0,-1,,,,A23B-09395,Bus 764. Matrícula: 5376MHY. Línea:71. Actualizado el 18/05/2026 a las 12:00:58,,,,Inspector de servicio en puesto de controol SAE en Camino San Rafael,L-M-X-J-V-S-D de 06:00h de la mañana a 02:00h de madrugada,,EMT,,,952367212,,POINT (-4.42762143300097 36.71577787657446),,80
da_desfibriladores.fid--3b3f458b_19e3a8482f8_-1d6b,127174954,,,,,,,-1,0,-1,,,,A23B-09470,Bus 776. Matrícula: 1974MJK. Línea:25. Actualizado el 18/05/2026 a las 12:00:26,,,,Inspector de servicio en puesto de controol SAE en Camino San Rafael,L-M-X-J-V-S-D de 06:00h de la mañana a 02:00h de madrugada,,EMT,,,952367212,,POINT (-4.430502883000978 36.71701324257871),,80
da_desfibriladores.fid--3b3f458b_19e3a8482f8_-1d6a,127174955,,,,,,,-1,0,-1,,,,A23B-09138,Bus 777. Matrícula: 1819MJK. Línea:11. Actualizado el 18/05/2026 a las 12:01:39,,,,Inspector de servicio en puesto de controol SAE en Camino San Rafael,L-M-X-J-V-S-D de 06:00h de la mañana a 02:00h de madrugada,,EMT,,,952367212,,POINT (-4.3531605170007275 36.720170276589876),,80
da_desfibriladores.fid--3b3f458b_19e3a8482f8_-1d69,127174956,,,,,,,-1,0,-1,,,,A23B-09240,Bus 778. Matrícula: 1726MJK. Línea:Sin servicio. Actualizado el 18/05/2026 a las 12:00:10,,,,Inspector de servicio en puesto de controol SAE en Camino San Rafael,L-M-X-J-V-S-D de 06:00h de la mañana a 02:00h de madrugada,,EMT,,,952367212,,POINT (-4.452024917001059 36.703300926531284),,80
da_desfibriladores.fid--3b3f458b_19e3a8482f8_-1d68,127174957,,,,,,,-1,0,-1,,,,A23B-09010,Bus 779. Matrícula: 2151MJK. Línea:Sin servicio. Actualizado el 18/05/2026 a las 12:00:12,,,,Inspector de servicio en puesto de controol SAE en Camino San Rafael,L-M-X-J-V-S-D de 06:00h de la mañana a 02:00h de madrugada,,EMT,,,952367212,,POINT (-4.453905783001068 36.704311459534765),,80
da_desfibriladores.fid--3b3f458b_19e3a8482f8_-1d67,127174958,,,,,,,-1,0,-1,,,,A23B-09026,Bus 780. Matrícula: 2196MJK. Línea:15. Actualizado el 18/05/2026 a las 12:00:16,,,,Inspector de servicio en puesto de controol SAE en Camino San Rafael,L-M-X-J-V-S-D de 06:00h de la mañana a 02:00h de madrugada,,EMT,,,952367212,,POINT (-4.440029100001013 36.69948077651815),,80
da_desfibriladores.fid--3b3f458b_19e3a8482f8_-1d66,127174959,,,,,,,-1,0,-1,,,,A23B-09571,Bus 781. Matrícula: 2063MJK. Línea:7. Actualizado el 18/05/2026 a las 12:01:09,,,,Inspector de servicio en puesto de controol SAE en Camino San Rafael,L-M-X-J-V-S-D de 06:00h de la mañana a 02:00h de madrugada,,EMT,,,952367212,,POINT (-4.436223050001002 36.70567729253956),,80
da_desfibriladores.fid--3b3f458b_19e3a8482f8_-1d65,127174960,,,,,,,-1,0,-1,,,,A23B-09299,Bus 782. Matrícula: 1636MJK. Línea:25. Actualizado el 18/05/2026 a las 12:01:25,,,,Inspector de servicio en puesto de controol SAE en Camino San Rafael,L-M-X-J-V-S-D de 06:00h de la mañana a 02:00h de madrugada,,EMT,,,952367212,,POINT (-4.443706417001026 36.71583575957461),,80
da_desfibriladores.fid--3b3f458b_19e3a8482f8_-1d64,127174961,,,,,,,-1,0,-1,,,,A23B-09566,Bus 784. Matrícula: 1280MJK. Línea:7. Actualizado el 18/05/2026 a las 12:00:16,,,,Inspector de servicio en puesto de controol SAE en Camino San Rafael,L-M-X-J-V-S-D de 06:00h de la mañana a 02:00h de madrugada,,EMT,,,952367212,,POINT (-4.448146617001043 36.730092542623716),,80
da_desfibriladores.fid--3b3f458b_19e3a8482f8_-1d63,127174962,,,,,,,-1,0,-1,,,,A23B-09580,Bus 785. Matrícula: 1540MJK. Línea:75. Actualizado el 18/05/2026 a las 12:01:06,,,,Inspector de servicio en puesto de controol SAE en Camino San Rafael,L-M-X-J-V-S-D de 06:00h de la mañana a 02:00h de madrugada,,EMT,,,952367212,,POINT (-4.492117050001228 36.678894492446716),,80
da_desfibriladores.fid--3b3f458b_19e3a8482f8_-1d62,127174963,,,,,,,-1,0,-1,,,,A20I-07225,Bus 786. Matrícula: 1339MJK. Línea:20. Actualizado el 18/05/2026 a las 12:00:28,,,,Inspector de servicio en puesto de controol SAE en Camino San Rafael,L-M-X-J-V-S-D de 06:00h de la mañana a 02:00h de madrugada,,EMT,,,952367212,,POINT (-4.424858033000958 36.73069972662588),,80
da_desfibriladores.fid--3b3f458b_19e3a8482f8_-1d61,127174964,,,,,,,-1,0,-1,,,,A23B-09223,Bus 787. Matrícula: 1478MJK. Línea:Sin servicio. Actualizado el 18/05/2026 a las 12:01:17,,,,Inspector de servicio en puesto de controol SAE en Camino San Rafael,L-M-X-J-V-S-D de 06:00h de la mañana a 02:00h de madrugada,,EMT,,,952367212,,POINT (-4.451383433001059 36.703373792531565),,80
da_desfibriladores.fid--3b3f458b_19e3a8482f8_-1d60,127174965,,,,,,,-1,0,-1,,,,A25F-09702,Bus 823. Matrícula: 1706NJM. Línea:71. Actualizado el 18/05/2026 a las 12:00:13,,,,Inspector de servicio en puesto de controol SAE en Camino San Rafael,L-M-X-J-V-S-D de 06:00h de la mañana a 02:00h de madrugada,,EMT,,,952367212,,POINT (-4.441029417001018 36.723693209601706),,80
da_desfibriladores.fid--3b3f458b_19e3a8482f8_-1d5f,127174966,,,,,,,-1,0,-1,,,,A25F-09230,Bus 824. Matrícula: 7030NJN. Línea:32. Actualizado el 18/05/2026 a las 12:01:45,,,,Inspector de servicio en puesto de controol SAE en Camino San Rafael,L-M-X-J-V-S-D de 06:00h de la mañana a 02:00h de madrugada,,EMT,,,952367212,,POINT (-4.397223783000863 36.73196164263035),,80
da_desfibriladores.fid--3b3f458b_19e3a8482f8_-1d5e,127174967,,,,,,,-1,0,-1,,,,A25F-09058,Bus 826. Matrícula: 1708NJM. Línea:14. Actualizado el 18/05/2026 a las 12:00:23,,,,Inspector de servicio en puesto de controol SAE en Camino San Rafael,L-M-X-J-V-S-D de 06:00h de la mañana a 02:00h de madrugada,,EMT,,,952367212,,POINT (-4.414415150000921 36.71437362656969),,80
da_desfibriladores.fid--3b3f458b_19e3a8482f8_-1d5d,127174968,,,,,,,-1,0,-1,,,,A11J-02853,Bus 703. Matrícula: 0938KBN. Línea:38. Actualizado el 18/05/2026 a las 12:00:07,,,,Inspector de servicio en puesto de controol SAE en Camino San Rafael,L-M-X-J-V-S-D de 06:00h de la mañana a 02:00h de madrugada,,EMT,,,952367212,,POINT (-4.441084167001016 36.72145320959396),,80
da_desfibriladores.fid--3b3f458b_19e3a8482f8_-1d5c,127174969,,,,,,,-1,0,-1,,,,A18H-06995,Bus 706. Matrícula: 5772KBW. Línea:9. Actualizado el 18/05/2026 a las 12:01:23,,,,Inspector de servicio en puesto de controol SAE en Camino San Rafael,L-M-X-J-V-S-D de 06:00h de la mañana a 02:00h de madrugada,,EMT,,,952367212,,POINT (-4.503577617001277 36.66778335940818),,80
da_desfibriladores.fid--3b3f458b_19e3a8482f8_-1d5b,127174970,,,,,,,-1,0,-1,,,,A18B-01780,Bus 711. Matrícula: 5873KBW. Línea:7. Actualizado el 18/05/2026 a las 12:00:19,,,,Inspector de servicio en puesto de controol SAE en Camino San Rafael,L-M-X-J-V-S-D de 06:00h de la mañana a 02:00h de madrugada,,EMT,,,952367212,,POINT (-4.4316384170009835 36.723928459602554),,80
da_desfibriladores.fid--3b3f458b_19e3a8482f8_-1d5a,127174971,,,,,,,-1,0,-1,,,,A18B-01906,Bus 709. Matrícula: 3214KCB. Línea:10. Actualizado el 18/05/2026 a las 12:00:15,,,,Inspector de servicio en puesto de controol SAE en Camino San Rafael,L-M-X-J-V-S-D de 06:00h de la mañana a 02:00h de madrugada,,EMT,,,952367212,,POINT (-4.504696950001284 36.67123659242014),,80
da_desfibriladores.fid--3b3f458b_19e3a8482f8_-1d59,127174972,,,,,,,-1,0,-1,,,,A18B-02601,Bus 714. Matrícula: 2284KCB. Línea:4. Actualizado el 18/05/2026 a las 12:00:07,,,,Inspector de servicio en puesto de controol SAE en Camino San Rafael,L-M-X-J-V-S-D de 06:00h de la mañana a 02:00h de madrugada,,EMT,,,952367212,,POINT (-0.0000000000711828 0),,44
da_desfibriladores.fid--3b3f458b_19e3a8482f8_-1d58,127174973,,,,,,,-1,0,-1,,,,A18B-01777,Bus 716. Matrícula: 3089KCB. Línea:1. Actualizado el 18/05/2026 a las 12:00:12,,,,Inspector de servicio en puesto de controol SAE en Camino San Rafael,L-M-X-J-V-S-D de 06:00h de la mañana a 02:00h de madrugada,,EMT,,,952367212,,POINT (-4.413241783000919 36.721291459593516),,80
da_desfibriladores.fid--3b3f458b_19e3a8482f8_-1d57,127174974,,,,,,,-1,0,-1,,,,A21B-08647,Bus 748. Matrícula: 6386LZP. Línea:15. Actualizado el 18/05/2026 a las 12:00:19,,,,Inspector de servicio en puesto de controol SAE en Camino San Rafael,L-M-X-J-V-S-D de 06:00h de la mañana a 02:00h de madrugada,,EMT,,,952367212,,POINT (-4.4479446500010456 36.68890369248156),,80
da_desfibriladores.fid--3b3f458b_19e3a8482f8_-1d56,127174975,,,,,,,-1,0,-1,,,,A19G-09012,Bus 733. Matrícula: 8431LCM. Línea:Sin servicio. Actualizado el 18/05/2026 a las 12:00:24,,,,Inspector de servicio en puesto de controol SAE en Camino San Rafael,L-M-X-J-V-S-D de 06:00h de la mañana a 02:00h de madrugada,,EMT,,,952367212,,POINT (-4.452270433001062 36.70385862653324),,80
da_desfibriladores.fid--3b3f458b_19e3a8482f8_-1d55,127174976,,,,,,,-1,0,-1,,,,A18H-06976,Bus 725. Matrícula: 9241KRN. Línea:8. Actualizado el 18/05/2026 a las 11:52:25,,,,Inspector de servicio en puesto de controol SAE en Camino San Rafael,L-M-X-J-V-S-D de 06:00h de la mañana a 02:00h de madrugada,,EMT,,,952367212,,POINT (-4.460215950001094 36.726010809609605),,80
da_desfibriladores.fid--3b3f458b_19e3a8482f8_-1d54,127174977,,,,,,,-1,0,-1,,,,A21J-09056,Bus 750. Matrícula: 6549LZP. Línea:Sin servicio. Actualizado el 18/05/2026 a las 12:00:14,,,,Inspector de servicio en puesto de controol SAE en Camino San Rafael,L-M-X-J-V-S-D de 06:00h de la mañana a 02:00h de madrugada,,EMT,,,952367212,,POINT (-4.451442500001057 36.703416726531714),,80
da_desfibriladores.fid--3b3f458b_19e3a8482f8_-1d53,127174978,,,,,,,-1,0,-1,,,,A23B-09563,Bus 740. Matrícula: 1941LRK. Línea:Sin servicio. Actualizado el 18/05/2026 a las 12:01:02,,,,Inspector de servicio en puesto de controol SAE en Camino San Rafael,L-M-X-J-V-S-D de 06:00h de la mañana a 02:00h de madrugada,,EMT,,,952367212,,POINT (-4.451900517001061 36.70312352653068),,80
da_desfibriladores.fid--3b3f458b_19e3a8482f8_-1d52,127174979,,,,,,,-1,0,-1,,,,A20I-06960,Bus 742. Matrícula: 2205LRK. Línea:15. Actualizado el 18/05/2026 a las 12:00:08,,,,Inspector de servicio en puesto de controol SAE en Camino San Rafael,L-M-X-J-V-S-D de 06:00h de la mañana a 02:00h de madrugada,,EMT,,,952367212,,POINT (-4.43981871700101 36.6995523595184),,80
da_desfibriladores.fid--3b3f458b_19e3a8482f8_-1d51,127174980,,,,,,,-1,0,-1,,,,A19G-09237,Bus 729. Matrícula: 8456LCM. Línea:7. Actualizado el 18/05/2026 a las 12:01:57,,,,Inspector de servicio en puesto de controol SAE en Camino San Rafael,L-M-X-J-V-S-D de 06:00h de la mañana a 02:00h de madrugada,,EMT,,,952367212,,POINT (-4.431393433000984 36.728508492618346),,80
da_desfibriladores.fid--3b3f458b_19e3a8482f8_-1d50,127174981,,,,,,,-1,0,-1,,,,A20I-06944,Bus 737. Matrícula: 2484LRK. Línea:Sin servicio. Actualizado el 18/05/2026 a las 12:00:17,,,,Inspector de servicio en puesto de controol SAE en Camino San Rafael,L-M-X-J-V-S-D de 06:00h de la mañana a 02:00h de madrugada,,EMT,,,952367212,,POINT (-4.452025567001062 36.70377994253296),,80
da_desfibriladores.fid--3b3f458b_19e3a8482f8_-1d4f,127174982,,,,,,,-1,0,-1,,,,A18H-06967,Bus 720. Matrícula: 3851KRK. Línea:8. Actualizado el 18/05/2026 a las 12:00:46,,,,Inspector de servicio en puesto de controol SAE en Camino San Rafael,L-M-X-J-V-S-D de 06:00h de la mañana a 02:00h de madrugada,,EMT,,,952367212,,POINT (-4.438210417001006 36.72153402659426),,80
da_desfibriladores.fid--3b3f458b_19e3a8482f8_-1d4e,127174983,,,,,,,-1,0,-1,,,,A18H-06985,Bus 723. Matrícula: 9166KRN. Línea:8. Actualizado el 18/05/2026 a las 12:00:10,,,,Inspector de servicio en puesto de controol SAE en Camino San Rafael,L-M-X-J-V-S-D de 06:00h de la mañana a 02:00h de madrugada,,EMT,,,952367212,,POINT (-4.466998633001119 36.72504505960626),,80
da_desfibriladores.fid--3b3f458b_19e3a8482f8_-1d4d,127174984,,,,,,,-1,0,-1,,,,A18H-06968,Bus 726. Matrícula: 9115KRN. Línea:Sin servicio. Actualizado el 18/05/2026 a las 12:00:27,,,,Inspector de servicio en puesto de controol SAE en Camino San Rafael,L-M-X-J-V-S-D de 06:00h de la mañana a 02:00h de madrugada,,EMT,,,952367212,,POINT (-4.45188308300106 36.703247909531115),,80
da_desfibriladores.fid--3b3f458b_19e3a8482f8_-1d4c,127174985,,,,,,,-1,0,-1,,,,A21J-09897,Bus 746. Matrícula: 6425LZP. Línea:3. Actualizado el 18/05/2026 a las 12:02:02,,,,Inspector de servicio en puesto de controol SAE en Camino San Rafael,L-M-X-J-V-S-D de 06:00h de la mañana a 02:00h de madrugada,,EMT,,,952367212,,POINT (-4.431502517000983 36.71097980955786),,80
da_desfibriladores.fid--3b3f458b_19e3a8482f8_-1d4b,127174986,,,,,,,-1,0,-1,,,,A21J-10275,Bus 754. Matrícula: 6717LZP. Línea:11. Actualizado el 18/05/2026 a las 12:01:56,,,,Inspector de servicio en puesto de controol SAE en Camino San Rafael,L-M-X-J-V-S-D de 06:00h de la mañana a 02:00h de madrugada,,EMT,,,952367212,,POINT (-4.352298117000723 36.71838409258372),,80
da_desfibriladores.fid--3b3f458b_19e3a8482f8_-1d4a,127174987,,,,,,,-1,0,-1,,,,A21J-09417,Bus 753. Matrícula: 6695LZP. Línea:75. Actualizado el 18/05/2026 a las 12:00:08,,,,Inspector de servicio en puesto de controol SAE en Camino San Rafael,L-M-X-J-V-S-D de 06:00h de la mañana a 02:00h de madrugada,,EMT,,,952367212,,POINT (-4.448681467001049 36.697453892511135),,80
da_desfibriladores.fid--3b3f458b_19e3a8482f8_-1d49,127174988,,,,,,,-1,0,-1,,,,A23B-09466,Bus 755. Matrícula: 6529LZP. Línea:Sin servicio. Actualizado el 18/05/2026 a las 12:00:08,,,,Inspector de servicio en puesto de controol SAE en Camino San Rafael,L-M-X-J-V-S-D de 06:00h de la mañana a 02:00h de madrugada,,EMT,,,952367212,,POINT (-4.448509767001046 36.68041079245217),,80
da_desfibriladores.fid--3b3f458b_19e3a8482f8_-1d48,127174989,,,,,,,-1,0,-1,,,,A20I-06976,Bus 738. Matrícula: 2428LRK. Línea:7. Actualizado el 18/05/2026 a las 12:00:19,,,,Inspector de servicio en puesto de controol SAE en Camino San Rafael,L-M-X-J-V-S-D de 06:00h de la mañana a 02:00h de madrugada,,EMT,,,952367212,,POINT (-4.451099200001056 36.68140710945563),,80
da_desfibriladores.fid--3b3f458b_19e3a8482f8_-1d47,127174990,,,,,,,-1,0,-1,,,,A20I-06975,Bus 736. Matrícula: 2601LRK. Línea:Sin servicio. Actualizado el 18/05/2026 a las 12:00:14,,,,Inspector de servicio en puesto de controol SAE en Camino San Rafael,L-M-X-J-V-S-D de 06:00h de la mañana a 02:00h de madrugada,,EMT,,,952367212,,POINT (-4.452168000001062 36.70381602653305),,80
da_desfibriladores.fid--3b3f458b_19e3a8482f8_-1d46,127174991,,,,,,,-1,0,-1,,,,A19G-09011,Bus 730. Matrícula: 8449LCM. Línea:8. Actualizado el 18/05/2026 a las 12:01:12,,,,Inspector de servicio en puesto de controol SAE en Camino San Rafael,L-M-X-J-V-S-D de 06:00h de la mañana a 02:00h de madrugada,,EMT,,,952367212,,POINT (-4.36391120000076 36.721801909595456),,80
da_desfibriladores.fid--3b3f458b_19e3a8482f8_-1d45,127174992,,,,,,,-1,0,-1,,,,A21J-08964,Bus 749. Matrícula: 6571LZP. Línea:Sin servicio. Actualizado el 18/05/2026 a las 12:01:19,,,,Inspector de servicio en puesto de controol SAE en Camino San Rafael,L-M-X-J-V-S-D de 06:00h de la mañana a 02:00h de madrugada,,EMT,,,952367212,,POINT (-4.513741317001324 36.714353342569154),,80
da_desfibriladores.fid--3b3f458b_19e3a8482f8_-1d44,127174993,,,,,,,-1,0,-1,,,,A18H-06988,Bus 718. Matrícula: 6015KRB. Línea:8. Actualizado el 18/05/2026 a las 12:00:14,,,,Inspector de servicio en puesto de controol SAE en Camino San Rafael,L-M-X-J-V-S-D de 06:00h de la mañana a 02:00h de madrugada,,EMT,,,952367212,,POINT (-4.377167083000798 36.72227104259703),,80
da_desfibriladores.fid--3b3f458b_19e3a8482f8_-1d43,127174994,,,,,,,-1,0,-1,,,,A21J-09793,Bus 752. Matrícula: 6639LZP. Línea:Sin servicio. Actualizado el 18/05/2026 a las 12:00:12,,,,Inspector de servicio en puesto de controol SAE en Camino San Rafael,L-M-X-J-V-S-D de 06:00h de la mañana a 02:00h de madrugada,,EMT,,,952367212,,POINT (-4.4516660170010605 36.70354172653216),,80
da_desfibriladores.fid--3b3f458b_19e3a8482f8_-1d42,127174995,,,,,,,-1,0,-1,,,,A11I-00562,Bus 783. Matrícula: 2244MJK. Línea:15. Actualizado el 18/05/2026 a las 12:00:53,,,,Inspector de servicio en puesto de controol SAE en Camino San Rafael,L-M-X-J-V-S-D de 06:00h de la mañana a 02:00h de madrugada,,EMT,,,952367212,,POINT (-4.426397517000964 36.74806099268566),,80
da_desfibriladores.fid--3b3f458b_19e3a8482f8_-1d41,127174996,,,,,,,-1,0,-1,,,,A18H-06993,Bus 790. Matrícula: 6530MXV. Línea:28. Actualizado el 18/05/2026 a las 12:00:13,,,,Inspector de servicio en puesto de controol SAE en Camino San Rafael,L-M-X-J-V-S-D de 06:00h de la mañana a 02:00h de madrugada,,EMT,,,952367212,,POINT (-4.548780617001494 36.709911426553646),,80
da_desfibriladores.fid--3b3f458b_19e3a8482f8_-1d40,127174997,,,,,,,-1,0,-1,,,,A25F-04523,Bus 813. Matrícula: 3916NHM. Línea:Sin servicio. Actualizado el 18/05/2026 a las 12:01:47,,,,Inspector de servicio en puesto de controol SAE en Camino San Rafael,L-M-X-J-V-S-D de 06:00h de la mañana a 02:00h de madrugada,,EMT,,,952367212,,POINT (-4.452492833001062 36.702810092529596),,80
da_desfibriladores.fid--3b3f458b_19e3a8482f8_-1d3f,127174998,,,,,,,-1,0,-1,,,,A25F-08256,Bus 814. Matrícula: 4579NHP. Línea:20. Actualizado el 18/05/2026 a las 12:00:13,,,,Inspector de servicio en puesto de controol SAE en Camino San Rafael,L-M-X-J-V-S-D de 06:00h de la mañana a 02:00h de madrugada,,EMT,,,952367212,,POINT (-4.423656650000955 36.71366595956719),,80
da_desfibriladores.fid--3b3f458b_19e3a8482f8_-1d3e,127174999,,,,,,,-1,0,-1,,,,A11A-05866,Bus 702. Matrícula: 0893KBN. Línea:78. Actualizado el 18/05/2026 a las 12:01:12,,,,Inspector de servicio en puesto de controol SAE en Camino San Rafael,L-M-X-J-V-S-D de 06:00h de la mañana a 02:00h de madrugada,,EMT,,,952367212,,POINT (-4.503109933001274 36.66986692641541),,80
da_desfibriladores.fid--3b3f458b_19e3a8482f8_-1d3d,127175000,,,,,,,-1,0,-1,,,,A11B-04635,Bus 705. Matrícula: 0951KBN. Línea:38. Actualizado el 18/05/2026 a las 12:00:06,,,,Inspector de servicio en puesto de controol SAE en Camino San Rafael,L-M-X-J-V-S-D de 06:00h de la mañana a 02:00h de madrugada,,EMT,,,952367212,,POINT (-4.44660486700104 36.72208922659614),,80
da_desfibriladores.fid--3b3f458b_19e3a8482f8_-1d3c,127175001,,,,,,,-1,0,-1,,,,A20I-06952,Bus 739. Matrícula: 2549LRK. Línea:Sin servicio. Actualizado el 18/05/2026 a las 12:00:13,,,,Inspector de servicio en puesto de controol SAE en Camino San Rafael,L-M-X-J-V-S-D de 06:00h de la mañana a 02:00h de madrugada,,EMT,,,952367212,,POINT (-4.45196330000106 36.70374777653284),,80
da_desfibriladores.fid--3b3f458b_19e3a8482f8_-1d3b,127175002,,,,,,,-1,0,-1,,,,A19G-09031,Bus 732. Matrícula: 8429LCM. Línea:3. Actualizado el 18/05/2026 a las 12:00:13,,,,Inspector de servicio en puesto de controol SAE en Camino San Rafael,L-M-X-J-V-S-D de 06:00h de la mañana a 02:00h de madrugada,,EMT,,,952367212,,POINT (-4.383771950000821 36.72149147659433),,80
da_desfibriladores.fid--3b3f458b_19e3a8482f8_-1d3a,127175003,,,,,,,-1,0,-1,,,,A18H-06964,Bus 707. Matrícula: 3008KCB. Línea:10. Actualizado el 18/05/2026 a las 12:00:12,,,,Inspector de servicio en puesto de controol SAE en Camino San Rafael,L-M-X-J-V-S-D de 06:00h de la mañana a 02:00h de madrugada,,EMT,,,952367212,,POINT (-4.435068000000996 36.7081423425481),,80
da_desfibriladores.fid--3b3f458b_19e3a8482f8_-1d39,127175004,,,,,,,-1,0,-1,,,,A18H-06992,Bus 722. Matrícula: 5359KRK. Línea:8. Actualizado el 18/05/2026 a las 12:00:08,,,,Inspector de servicio en puesto de controol SAE en Camino San Rafael,L-M-X-J-V-S-D de 06:00h de la mañana a 02:00h de madrugada,,EMT,,,952367212,,POINT (-0.0000000000711828 0),,44
da_desfibriladores.fid--3b3f458b_19e3a8482f8_-1d38,127175005,,,,,,,-1,0,-1,,,,A18H-06973,Bus 719. Matrícula: 3890KRK. Línea:8. Actualizado el 18/05/2026 a las 12:00:10,,,,Inspector de servicio en puesto de controol SAE en Camino San Rafael,L-M-X-J-V-S-D de 06:00h de la mañana a 02:00h de madrugada,,EMT,,,952367212,,POINT (-4.351799333000724 36.71925500958671),,80
da_desfibriladores.fid--3b3f458b_19e3a8482f8_-1d37,127175006,,,,,,,-1,0,-1,,,,A25D-00140,Bus 798. Matrícula: 9438NCW. Línea:37. Actualizado el 18/05/2026 a las 12:00:59,,,,Inspector de servicio en puesto de controol SAE en Camino San Rafael,L-M-X-J-V-S-D de 06:00h de la mañana a 02:00h de madrugada,,EMT,,,952367212,,POINT (-4.414239250000919 36.72631429261081),,80
